{"slideHeight":768,
"filename":"JSTDD.key",
"navigatorEvents":[{"eventName":"Slide 1",
"eventIndex":0}
,{"eventName":"Slide 2",
"eventIndex":1}
,{"eventName":"Slide 3",
"eventIndex":2}
,{"eventName":"Slide 4",
"eventIndex":3}
,{"eventName":"Slide 5",
"eventIndex":4}
,{"eventName":"Slide 6",
"eventIndex":5}
,{"eventName":"Slide 7",
"eventIndex":6}
,{"eventName":"Slide 8",
"eventIndex":7}
,{"eventName":"Slide 9",
"eventIndex":8}
,{"eventName":"Slide 10",
"eventIndex":9}
,{"eventName":"Slide 11",
"eventIndex":10}
,{"eventName":"Slide 12",
"eventIndex":11}
,{"eventName":"Slide 13",
"eventIndex":12}
,{"eventName":"Slide 14",
"eventIndex":13}
,{"eventName":"Slide 15",
"eventIndex":14}
,{"eventName":"Slide 16",
"eventIndex":15}
,{"eventName":"Slide 17",
"eventIndex":16}
,{"eventName":"Slide 18",
"eventIndex":17}
,{"eventName":"Slide 19",
"eventIndex":18}
,{"eventName":"Slide 20",
"eventIndex":19}
,{"eventName":"Slide 21",
"eventIndex":20}
,{"eventName":"Slide 22",
"eventIndex":21}
,{"eventName":"Slide 23",
"eventIndex":22}
,{"eventName":"Slide 24",
"eventIndex":23}
,{"eventName":"Slide 25",
"eventIndex":24}
,{"eventName":"Slide 26",
"eventIndex":25}
]
,
"textures":{"thumbnail":{"url":"images-1/thumbnail.jpeg",
"width":458,
"height":344}
,
"s1.b":{"url":"images-1/s1.b.jpeg",
"width":1024,
"height":768}
,
"s6.b":{"url":"images-1/s6.b.jpeg",
"width":1024,
"height":768}
,
"s2.a":{"url":"images-1/s1.b.jpeg",
"width":1024,
"height":768}
,
"s11.b":{"url":"images-1/s11.b.jpeg",
"width":1024,
"height":768}
,
"s7.a":{"url":"images-1/s6.b.jpeg",
"width":1024,
"height":768}
,
"s14.b":{"url":"images-1/s14.b.jpeg",
"width":1024,
"height":768}
,
"s21.b":{"url":"images-1/s21.b.jpeg",
"width":1024,
"height":768}
,
"s17.b":{"url":"images-1/s17.b.jpeg",
"width":1024,
"height":768}
,
"s24.b":{"url":"images-1/s24.b.jpeg",
"width":1024,
"height":768}
,
"s12.a":{"url":"images-1/s11.b.jpeg",
"width":1024,
"height":768}
,
"s15.a":{"url":"images-1/s14.b.jpeg",
"width":1024,
"height":768}
,
"s22.a":{"url":"images-1/s21.b.jpeg",
"width":1024,
"height":768}
,
"s18.a":{"url":"images-1/s17.b.jpeg",
"width":1024,
"height":768}
,
"s2.b":{"url":"images-1/s2.b.jpeg",
"width":1024,
"height":768}
,
"s25.a":{"url":"images-1/s24.b.jpeg",
"width":1024,
"height":768}
,
"s7.b":{"url":"images-1/s7.b.jpeg",
"width":1024,
"height":768}
,
"s3.a":{"url":"images-1/s2.b.jpeg",
"width":1024,
"height":768}
,
"s8.a":{"url":"images-1/s7.b.jpeg",
"width":1024,
"height":768}
,
"s3.b":{"url":"images-1/s3.b.jpeg",
"width":1024,
"height":768}
,
"s12.b":{"url":"images-1/s12.b.jpeg",
"width":1024,
"height":768}
,
"s8.b":{"url":"images-1/s8.b.jpeg",
"width":1024,
"height":768}
,
"s15.b":{"url":"images-1/s15.b.jpeg",
"width":1024,
"height":768}
,
"s22.b":{"url":"images-1/s22.b.jpeg",
"width":1024,
"height":768}
,
"s18.b":{"url":"images-1/s18.b.jpeg",
"width":1024,
"height":768}
,
"s25.b":{"url":"images-1/s25.b.jpeg",
"width":1024,
"height":768}
,
"s4.a":{"url":"images-1/s3.b.jpeg",
"width":1024,
"height":768}
,
"s10.a":{"url":"images-1/s9.b.jpeg",
"width":1024,
"height":768}
,
"s9.a":{"url":"images-1/s8.b.jpeg",
"width":1024,
"height":768}
,
"s13.a":{"url":"images-1/s12.b.jpeg",
"width":1024,
"height":768}
,
"s16.a":{"url":"images-1/s15.b.jpeg",
"width":1024,
"height":768}
,
"s23.a":{"url":"images-1/s22.b.jpeg",
"width":1024,
"height":768}
,
"s19.a":{"url":"images-1/s18.b.jpeg",
"width":1024,
"height":768}
,
"s20.a":{"url":"images-1/s19.b.jpeg",
"width":1024,
"height":768}
,
"s26.a":{"url":"images-1/s25.b.jpeg",
"width":1024,
"height":768}
,
"s4.b":{"url":"images-1/s4.b.jpeg",
"width":1024,
"height":768}
,
"s9.b":{"url":"images-1/s9.b.jpeg",
"width":1024,
"height":768}
,
"s5.a":{"url":"images-1/s4.b.jpeg",
"width":1024,
"height":768}
,
"s10.b":{"url":"images-1/s10.b.jpeg",
"width":1024,
"height":768}
,
"s13.b":{"url":"images-1/s13.b.jpeg",
"width":1024,
"height":768}
,
"s20.b":{"url":"images-1/s20.b.jpeg",
"width":1024,
"height":768}
,
"s16.b":{"url":"images-1/s16.b.jpeg",
"width":1024,
"height":768}
,
"s23.b":{"url":"images-1/s23.b.jpeg",
"width":1024,
"height":768}
,
"s19.b":{"url":"images-1/s19.b.jpeg",
"width":1024,
"height":768}
,
"s26.b":{"url":"images-1/s26.b.png",
"width":1024,
"height":768}
,
"s5.b":{"url":"images-1/s5.b.jpeg",
"width":1024,
"height":768}
,
"s11.a":{"url":"images-1/s10.b.jpeg",
"width":1024,
"height":768}
,
"s14.a":{"url":"images-1/s13.b.jpeg",
"width":1024,
"height":768}
,
"s21.a":{"url":"images-1/s20.b.jpeg",
"width":1024,
"height":768}
,
"s17.a":{"url":"images-1/s16.b.jpeg",
"width":1024,
"height":768}
,
"s1.a":{"url":"images-1/s1.a.jpeg",
"width":1024,
"height":768}
,
"s24.a":{"url":"images-1/s23.b.jpeg",
"width":1024,
"height":768}
,
"s6.a":{"url":"images-1/s5.b.jpeg",
"width":1024,
"height":768}
}
,
"slideWidth":1024,
"minorVersion":4,
"timestamp":"2012-03-30 22:24:16",
"title":"JSTDD.key",
"eventTimelines":[{"automaticPlay":false,
"hyperlinks":[]
,
"eventInitialStates":[{"opacity":1,
"affineTransform":[1,0,0,1,0,0]
,
"texture":"s1.b",
"hidden":0}
,{"opacity":1,
"affineTransform":[1,0,0,1,0,0]
,
"texture":"s1.a",
"hidden":0}
]
,
"eventAnimations":[{"effect":"none",
"actions":[{"beginTime":0,
"from":{"scalar":1}
,
"action":"hidden",
"texture":"s1.a",
"to":{"scalar":1}
,
"timingFunction":"linear",
"duration":0.001}
]
,
"duration":0.001,
"animationType":"transition",
"beginTime":0,
"textures":["s1.a"]
}
,{"effect":"none",
"actions":[{"beginTime":0,
"from":{"scalar":0}
,
"action":"hidden",
"texture":"s1.b",
"to":{"scalar":0}
,
"timingFunction":"linear",
"duration":0.001}
]
,
"duration":0.001,
"animationType":"transition",
"beginTime":0,
"textures":["s1.b"]
}
]
,
"textRegions":[{"targetRectangle":{"y":333,
"width":468,
"x":278,
"height":82}
,
"text":"Javascript"}
,{"targetRectangle":{"y":422,
"width":412,
"x":306,
"height":44}
,
"text":"TDD, Unit Testing, and more"}
]
}
,{"automaticPlay":false,
"hyperlinks":[]
,
"eventInitialStates":[{"opacity":1,
"affineTransform":[1,0,0,1,0,0]
,
"texture":"s2.b",
"hidden":0}
,{"opacity":1,
"affineTransform":[1,0,0,1,0,0]
,
"texture":"s2.a",
"hidden":0}
]
,
"eventAnimations":[{"effect":"none",
"actions":[{"beginTime":0,
"from":{"scalar":1}
,
"action":"hidden",
"texture":"s2.a",
"to":{"scalar":1}
,
"timingFunction":"linear",
"duration":0.001}
]
,
"duration":0.001,
"animationType":"transition",
"beginTime":0,
"textures":["s2.a"]
}
,{"effect":"none",
"actions":[{"beginTime":0,
"from":{"scalar":0}
,
"action":"hidden",
"texture":"s2.b",
"to":{"scalar":0}
,
"timingFunction":"linear",
"duration":0.001}
]
,
"duration":0.001,
"animationType":"transition",
"beginTime":0,
"textures":["s2.b"]
}
]
,
"textRegions":[{"targetRectangle":{"y":43,
"width":186,
"x":64,
"height":82}
,
"text":"TDD:"}
,{"targetRectangle":{"y":282,
"width":164,
"x":92,
"height":80}
,
"text":"Write a test"}
,{"targetRectangle":{"y":361,
"width":444,
"x":127,
"height":80}
,
"text":"Run test to see it fail (it should)"}
,{"targetRectangle":{"y":440,
"width":372,
"x":162,
"height":80}
,
"text":"Write code to pass the test"}
,{"targetRectangle":{"y":519,
"width":461,
"x":197,
"height":80}
,
"text":"Run test to see it pass (it should)"}
,{"targetRectangle":{"y":598,
"width":239,
"x":232,
"height":44}
,
"text":"Rinse and repeat"}
,{"targetRectangle":{"y":42.5,
"width":163.0312,
"x":262.2188,
"height":81}
,
"text":"What"}
,{"targetRectangle":{"y":213,
"width":371,
"x":60,
"height":44}
,
"text":"Test Driven Development"}
]
}
,{"note":"slide-3",
"automaticPlay":false,
"hyperlinks":[]
,
"eventInitialStates":[{"opacity":1,
"affineTransform":[1,0,0,1,0,0]
,
"texture":"s3.b",
"hidden":0}
,{"opacity":1,
"affineTransform":[1,0,0,1,0,0]
,
"texture":"s3.a",
"hidden":0}
]
,
"eventAnimations":[{"effect":"none",
"actions":[{"beginTime":0,
"from":{"scalar":1}
,
"action":"hidden",
"texture":"s3.a",
"to":{"scalar":1}
,
"timingFunction":"linear",
"duration":0.001}
]
,
"duration":0.001,
"animationType":"transition",
"beginTime":0,
"textures":["s3.a"]
}
,{"effect":"none",
"actions":[{"beginTime":0,
"from":{"scalar":0}
,
"action":"hidden",
"texture":"s3.b",
"to":{"scalar":0}
,
"timingFunction":"linear",
"duration":0.001}
]
,
"duration":0.001,
"animationType":"transition",
"beginTime":0,
"textures":["s3.b"]
}
]
,
"textRegions":[{"targetRectangle":{"y":218,
"width":377,
"x":92,
"height":75}
,
"text":"Some benefits of using TDD:"}
,{"targetRectangle":{"y":292,
"width":579,
"x":162,
"height":75}
,
"text":"leads to more modularized and flexible code"}
,{"targetRectangle":{"y":366,
"width":698,
"x":162,
"height":75}
,
"text":"unexpected changes in code behavior can be detected"}
,{"targetRectangle":{"y":440,
"width":147,
"x":162,
"height":76}
,
"text":"Automated"}
,{"targetRectangle":{"y":515,
"width":243,
"x":92,
"height":75}
,
"text":"Some weaknesses:"}
,{"targetRectangle":{"y":589,
"width":301,
"x":162,
"height":75}
,
"text":"Difficult to use with UI"}
,{"targetRectangle":{"y":663,
"width":373,
"x":162,
"height":42}
,
"text":"Still need integration testing"}
,{"targetRectangle":{"y":43,
"width":186,
"x":64,
"height":82}
,
"text":"TDD:"}
,{"targetRectangle":{"y":42.5,
"width":140.1875,
"x":273.6406,
"height":81}
,
"text":"Why"}
]
}
,{"automaticPlay":false,
"hyperlinks":[]
,
"eventInitialStates":[{"opacity":1,
"affineTransform":[1,0,0,1,0,0]
,
"texture":"s4.b",
"hidden":0}
,{"opacity":1,
"affineTransform":[1,0,0,1,0,0]
,
"texture":"s4.a",
"hidden":0}
]
,
"eventAnimations":[{"effect":"none",
"actions":[{"beginTime":0,
"from":{"scalar":1}
,
"action":"hidden",
"texture":"s4.a",
"to":{"scalar":1}
,
"timingFunction":"linear",
"duration":0.001}
]
,
"duration":0.001,
"animationType":"transition",
"beginTime":0,
"textures":["s4.a"]
}
,{"effect":"none",
"actions":[{"beginTime":0,
"from":{"scalar":0}
,
"action":"hidden",
"texture":"s4.b",
"to":{"scalar":0}
,
"timingFunction":"linear",
"duration":0.001}
]
,
"duration":0.001,
"animationType":"transition",
"beginTime":0,
"textures":["s4.b"]
}
]
,
"textRegions":[{"targetRectangle":{"y":218,
"width":667,
"x":92,
"height":75}
,
"text":"How do we apply TDD to JavaScript development?"}
,{"targetRectangle":{"y":292,
"width":425,
"x":92,
"height":75}
,
"text":"A number of tools are available: "}
,{"targetRectangle":{"y":366,
"width":173,
"x":162,
"height":75}
,
"text":"JSTestDriver"}
,{"targetRectangle":{"y":440,
"width":148,
"x":162,
"height":76}
,
"text":"TestSwarm"}
,{"targetRectangle":{"y":515,
"width":112,
"x":162,
"height":75}
,
"text":"YUI Yeti"}
,{"targetRectangle":{"y":589,
"width":119,
"x":162,
"height":75}
,
"text":"nodeunit"}
,{"targetRectangle":{"y":663,
"width":159,
"x":162,
"height":42}
,
"text":"Dojo’s DOH"}
,{"targetRectangle":{"y":43,
"width":186,
"x":64,
"height":82}
,
"text":"TDD:"}
,{"targetRectangle":{"y":42.5,
"width":142.8438,
"x":272.3125,
"height":81}
,
"text":"How"}
,{"targetRectangle":{"y":469.5,
"width":82.96875,
"x":727.25,
"height":105}
,
"text":"F5"}
]
}
,{"note":"slide-5",
"automaticPlay":false,
"hyperlinks":[]
,
"eventInitialStates":[{"opacity":1,
"affineTransform":[1,0,0,1,0,0]
,
"texture":"s5.b",
"hidden":0}
,{"opacity":1,
"affineTransform":[1,0,0,1,0,0]
,
"texture":"s5.a",
"hidden":0}
]
,
"eventAnimations":[{"effect":"none",
"actions":[{"beginTime":0,
"from":{"scalar":1}
,
"action":"hidden",
"texture":"s5.a",
"to":{"scalar":1}
,
"timingFunction":"linear",
"duration":0.001}
]
,
"duration":0.001,
"animationType":"transition",
"beginTime":0,
"textures":["s5.a"]
}
,{"effect":"none",
"actions":[{"beginTime":0,
"from":{"scalar":0}
,
"action":"hidden",
"texture":"s5.b",
"to":{"scalar":0}
,
"timingFunction":"linear",
"duration":0.001}
]
,
"duration":0.001,
"animationType":"transition",
"beginTime":0,
"textures":["s5.b"]
}
]
,
"textRegions":[{"targetRectangle":{"y":43,
"width":186,
"x":64,
"height":82}
,
"text":"TDD:"}
,{"targetRectangle":{"y":268,
"width":646,
"x":92,
"height":80}
,
"text":"Dojo Objective Harness - Unit test framework"}
,{"targetRectangle":{"y":347,
"width":166,
"x":127,
"height":69}
,
"text":"Asynch support"}
,{"targetRectangle":{"y":415,
"width":692,
"x":127,
"height":69}
,
"text":"Standard functionality (assertTrue, assertFalse, assertEqual, etc.)"}
,{"targetRectangle":{"y":484,
"width":192,
"x":127,
"height":69}
,
"text":"Performance tests"}
,{"targetRectangle":{"y":552,
"width":459,
"x":127,
"height":69}
,
"text":"Both command-line and browser interfaces"}
,{"targetRectangle":{"y":620,
"width":335,
"x":127,
"height":34}
,
"text":"DOH Robot - more on this later"}
,{"targetRectangle":{"y":42.5,
"width":156.7188,
"x":264.375,
"height":81}
,
"text":"DOH"}
]
}
,{"automaticPlay":false,
"hyperlinks":[]
,
"eventInitialStates":[{"opacity":1,
"affineTransform":[1,0,0,1,0,0]
,
"texture":"s6.b",
"hidden":0}
,{"opacity":1,
"affineTransform":[1,0,0,1,0,0]
,
"texture":"s6.a",
"hidden":0}
]
,
"eventAnimations":[{"effect":"none",
"actions":[{"beginTime":0,
"from":{"scalar":1}
,
"action":"hidden",
"texture":"s6.a",
"to":{"scalar":1}
,
"timingFunction":"linear",
"duration":0.001}
]
,
"duration":0.001,
"animationType":"transition",
"beginTime":0,
"textures":["s6.a"]
}
,{"effect":"none",
"actions":[{"beginTime":0,
"from":{"scalar":0}
,
"action":"hidden",
"texture":"s6.b",
"to":{"scalar":0}
,
"timingFunction":"linear",
"duration":0.001}
]
,
"duration":0.001,
"animationType":"transition",
"beginTime":0,
"textures":["s6.b"]
}
]
,
"textRegions":[{"targetRectangle":{"y":43,
"width":186,
"x":64,
"height":82}
,
"text":"TDD:"}
,{"targetRectangle":{"y":42.5,
"width":257.5625,
"x":262.9531,
"height":81}
,
"text":"Example"}
,{"targetRectangle":{"y":189,
"width":194.4062,
"x":60,
"height":44}
,
"text":"The mockup:"}
,{"targetRectangle":{"y":435,
"width":132,
"x":60,
"height":44}
,
"text":"The test:"}
,{"targetRectangle":{"y":474,
"width":905,
"x":60,
"height":262}
,
"text":"    \ndoh.register(\"web5LabelCheck\", [\n    // Check that tab labels for initial tabs are created\n       {\n       name: 'checkTabLabels',\n       runTest: function(t){\n          var tabLabels = dojo.query(\"#tc1 .tabLabel\");\n          t.is(4, tabLabels.length);\n}\n}\n"}
]
}
,{"automaticPlay":false,
"hyperlinks":[]
,
"eventInitialStates":[{"opacity":1,
"affineTransform":[1,0,0,1,0,0]
,
"texture":"s7.b",
"hidden":0}
,{"opacity":1,
"affineTransform":[1,0,0,1,0,0]
,
"texture":"s7.a",
"hidden":0}
]
,
"eventAnimations":[{"effect":"none",
"actions":[{"beginTime":0,
"from":{"scalar":1}
,
"action":"hidden",
"texture":"s7.a",
"to":{"scalar":1}
,
"timingFunction":"linear",
"duration":0.001}
]
,
"duration":0.001,
"animationType":"transition",
"beginTime":0,
"textures":["s7.a"]
}
,{"effect":"none",
"actions":[{"beginTime":0,
"from":{"scalar":0}
,
"action":"hidden",
"texture":"s7.b",
"to":{"scalar":0}
,
"timingFunction":"linear",
"duration":0.001}
]
,
"duration":0.001,
"animationType":"transition",
"beginTime":0,
"textures":["s7.b"]
}
]
,
"textRegions":[{"targetRectangle":{"y":43,
"width":186,
"x":64,
"height":82}
,
"text":"TDD:"}
,{"targetRectangle":{"y":42.5,
"width":257.5625,
"x":262.9531,
"height":81}
,
"text":"Example"}
,{"targetRectangle":{"y":233,
"width":905,
"x":60,
"height":285}
,
"text":"\nvar emptyTC = new dijit.layout.TabContainer({id:\"emptyTC\", style:”height:200px;width:500px;”}, “tcDiv”);\nemptyTC.startup();\n\nvar cp = new dijit.layout.ContentPane({\n                        title: 'Tab' + tabId,\n                        content: \"Contents of Tab \" + tabId++\n                        });\nemptyTC.addChild(cp);                   \n\n"}
,{"targetRectangle":{"y":189,
"width":146.2344,
"x":60,
"height":44}
,
"text":"The code:"}
,{"targetRectangle":{"y":549,
"width":433.25,
"x":60,
"height":164}
,
"text":"1. Write test based on mockup\n2. Write code to pass test\n3. Test"}
]
}
,{"automaticPlay":false,
"hyperlinks":[]
,
"eventInitialStates":[{"opacity":1,
"affineTransform":[1,0,0,1,0,0]
,
"texture":"s8.b",
"hidden":0}
,{"opacity":1,
"affineTransform":[1,0,0,1,0,0]
,
"texture":"s8.a",
"hidden":0}
]
,
"eventAnimations":[{"effect":"none",
"actions":[{"beginTime":0,
"from":{"scalar":1}
,
"action":"hidden",
"texture":"s8.a",
"to":{"scalar":1}
,
"timingFunction":"linear",
"duration":0.001}
]
,
"duration":0.001,
"animationType":"transition",
"beginTime":0,
"textures":["s8.a"]
}
,{"effect":"none",
"actions":[{"beginTime":0,
"from":{"scalar":0}
,
"action":"hidden",
"texture":"s8.b",
"to":{"scalar":0}
,
"timingFunction":"linear",
"duration":0.001}
]
,
"duration":0.001,
"animationType":"transition",
"beginTime":0,
"textures":["s8.b"]
}
]
,
"textRegions":[{"targetRectangle":{"y":43,
"width":186,
"x":64,
"height":82}
,
"text":"TDD:"}
,{"targetRectangle":{"y":42.5,
"width":189.7188,
"x":262.875,
"height":81}
,
"text":"Result"}
,{"targetRectangle":{"y":279,
"width":806,
"x":60,
"height":50}
,
"text":""}
,{"targetRectangle":{"y":181,
"width":113.1875,
"x":60,
"height":44}
,
"text":"Results"}
,{"targetRectangle":{"y":423,
"width":801,
"x":60,
"height":44}
,
"text":"That’s cool, now what?"}
,{"targetRectangle":{"y":471,
"width":801,
"x":60,
"height":254}
,
"text":" doh.robot\n Allows testing of UI interactions\n Uses a Java applet to trigger native events\ndoh.robot\ndojo.robot\ndijit.robot"}
]
}
,{"automaticPlay":false,
"hyperlinks":[]
,
"eventInitialStates":[{"opacity":1,
"affineTransform":[1,0,0,1,0,0]
,
"texture":"s9.b",
"hidden":0}
,{"opacity":1,
"affineTransform":[1,0,0,1,0,0]
,
"texture":"s9.a",
"hidden":0}
]
,
"eventAnimations":[{"effect":"none",
"actions":[{"beginTime":0,
"from":{"scalar":1}
,
"action":"hidden",
"texture":"s9.a",
"to":{"scalar":1}
,
"timingFunction":"linear",
"duration":0.001}
]
,
"duration":0.001,
"animationType":"transition",
"beginTime":0,
"textures":["s9.a"]
}
,{"effect":"none",
"actions":[{"beginTime":0,
"from":{"scalar":0}
,
"action":"hidden",
"texture":"s9.b",
"to":{"scalar":0}
,
"timingFunction":"linear",
"duration":0.001}
]
,
"duration":0.001,
"animationType":"transition",
"beginTime":0,
"textures":["s9.b"]
}
]
,
"textRegions":[{"targetRectangle":{"y":43,
"width":464,
"x":69,
"height":82}
,
"text":"doh.robot"}
,{"targetRectangle":{"y":269.5,
"width":905,
"x":60,
"height":469}
,
"text":"{\nname: \"click on a tab\",\ntimeout: 10000,\nrunTest: function(t){\nvar d = new doh.Deferred();                            \ndoh.robot.mouseMoveAt('emptyTC_tablist_tab2', 500);\ndoh.robot.mouseClick({left: true}, 500);\ndoh.robot.sequence(d.getTestCallback(function(){\n// verify tab button is selected\ndoh.is('emptyTC_tablist_tab2', dojo.global.dijit.focus.curNode.id, \n\"verify chosen tab is in its chosen state and focused\");\n// verify pane is shown\ndoh.is(\"tab3\", emptyTC.selectedChildWidget.id, \n\"verify tab3 CP is displayed\");\ndoh.t(isVisible(dijit.byId(\"tab2\")), \"tab2 shown\");\ndoh.t(isHidden(dijit.byId(\"tab1\")), \"tab1 hidden\");\n}), 500);\nreturn d;\n}\n},"}
,{"targetRectangle":{"y":208,
"width":124.1719,
"x":60,
"height":44}
,
"text":"Sample:"}
]
}
,{"automaticPlay":false,
"hyperlinks":[]
,
"eventInitialStates":[{"opacity":1,
"affineTransform":[1,0,0,1,0,0]
,
"texture":"s10.b",
"hidden":0}
,{"opacity":1,
"affineTransform":[1,0,0,1,0,0]
,
"texture":"s10.a",
"hidden":0}
]
,
"eventAnimations":[{"effect":"none",
"actions":[{"beginTime":0,
"from":{"scalar":1}
,
"action":"hidden",
"texture":"s10.a",
"to":{"scalar":1}
,
"timingFunction":"linear",
"duration":0.001}
]
,
"duration":0.001,
"animationType":"transition",
"beginTime":0,
"textures":["s10.a"]
}
,{"effect":"none",
"actions":[{"beginTime":0,
"from":{"scalar":0}
,
"action":"hidden",
"texture":"s10.b",
"to":{"scalar":0}
,
"timingFunction":"linear",
"duration":0.001}
]
,
"duration":0.001,
"animationType":"transition",
"beginTime":0,
"textures":["s10.b"]
}
]
,
"textRegions":[{"targetRectangle":{"y":43,
"width":464,
"x":69,
"height":82}
,
"text":"doh.robot"}
,{"targetRectangle":{"y":200,
"width":176.0469,
"x":60,
"height":44}
,
"text":"Awesome!!!"}
,{"targetRectangle":{"y":266,
"width":310.5312,
"x":60,
"height":44}
,
"text":"But...  there’s a catch."}
]
}
,{"automaticPlay":false,
"hyperlinks":[]
,
"eventInitialStates":[{"opacity":1,
"affineTransform":[1,0,0,1,0,0]
,
"texture":"s11.b",
"hidden":0}
,{"opacity":1,
"affineTransform":[1,0,0,1,0,0]
,
"texture":"s11.a",
"hidden":0}
]
,
"eventAnimations":[{"effect":"none",
"actions":[{"beginTime":0,
"from":{"scalar":1}
,
"action":"hidden",
"texture":"s11.a",
"to":{"scalar":1}
,
"timingFunction":"linear",
"duration":0.001}
]
,
"duration":0.001,
"animationType":"transition",
"beginTime":0,
"textures":["s11.a"]
}
,{"effect":"none",
"actions":[{"beginTime":0,
"from":{"scalar":0}
,
"action":"hidden",
"texture":"s11.b",
"to":{"scalar":0}
,
"timingFunction":"linear",
"duration":0.001}
]
,
"duration":0.001,
"animationType":"transition",
"beginTime":0,
"textures":["s11.b"]
}
]
,
"textRegions":[{"targetRectangle":{"y":43,
"width":464,
"x":69,
"height":82}
,
"text":"doh.robot"}
,{"targetRectangle":{"y":321,
"width":434,
"x":92,
"height":80}
,
"text":"Robot is borked on Mac OSX..."}
,{"targetRectangle":{"y":400,
"width":473,
"x":127,
"height":80}
,
"text":"and also Dojo 1.7.2 (as of writing)"}
,{"targetRectangle":{"y":479,
"width":296,
"x":127,
"height":80}
,
"text":"Lack support on iOS "}
,{"targetRectangle":{"y":558,
"width":508,
"x":127,
"height":44}
,
"text":"Limited support on Android (if any)"}
,{"targetRectangle":{"y":350.8591,
"width":-202.2812,
"x":800.7343,
"height":44}
,
"text":"DOH.ROBOT"}
]
}
,{"automaticPlay":false,
"hyperlinks":[]
,
"eventInitialStates":[{"opacity":1,
"affineTransform":[1,0,0,1,0,0]
,
"texture":"s12.b",
"hidden":0}
,{"opacity":1,
"affineTransform":[1,0,0,1,0,0]
,
"texture":"s12.a",
"hidden":0}
]
,
"eventAnimations":[{"effect":"none",
"actions":[{"beginTime":0,
"from":{"scalar":1}
,
"action":"hidden",
"texture":"s12.a",
"to":{"scalar":1}
,
"timingFunction":"linear",
"duration":0.001}
]
,
"duration":0.001,
"animationType":"transition",
"beginTime":0,
"textures":["s12.a"]
}
,{"effect":"none",
"actions":[{"beginTime":0,
"from":{"scalar":0}
,
"action":"hidden",
"texture":"s12.b",
"to":{"scalar":0}
,
"timingFunction":"linear",
"duration":0.001}
]
,
"duration":0.001,
"animationType":"transition",
"beginTime":0,
"textures":["s12.b"]
}
]
,
"textRegions":[{"targetRectangle":{"y":43,
"width":314,
"x":69,
"height":82}
,
"text":"eventd"}
,{"targetRectangle":{"y":282,
"width":232,
"x":92,
"height":80}
,
"text":"Synthetic events"}
,{"targetRectangle":{"y":361,
"width":657,
"x":92,
"height":80}
,
"text":"Built to maintain functionality of native events"}
,{"targetRectangle":{"y":440,
"width":325,
"x":92,
"height":80}
,
"text":"Is *NOT* a Java applet"}
,{"targetRectangle":{"y":519,
"width":269,
"x":92,
"height":80}
,
"text":"Cross-browser safe"}
,{"targetRectangle":{"y":598,
"width":196,
"x":92,
"height":44}
,
"text":"Cross-OS safe"}
]
}
,{"note":"slide-13",
"automaticPlay":false,
"hyperlinks":[]
,
"eventInitialStates":[{"opacity":1,
"affineTransform":[1,0,0,1,0,0]
,
"texture":"s13.b",
"hidden":0}
,{"opacity":1,
"affineTransform":[1,0,0,1,0,0]
,
"texture":"s13.a",
"hidden":0}
]
,
"eventAnimations":[{"effect":"none",
"actions":[{"beginTime":0,
"from":{"scalar":1}
,
"action":"hidden",
"texture":"s13.a",
"to":{"scalar":1}
,
"timingFunction":"linear",
"duration":0.001}
]
,
"duration":0.001,
"animationType":"transition",
"beginTime":0,
"textures":["s13.a"]
}
,{"effect":"none",
"actions":[{"beginTime":0,
"from":{"scalar":0}
,
"action":"hidden",
"texture":"s13.b",
"to":{"scalar":0}
,
"timingFunction":"linear",
"duration":0.001}
]
,
"duration":0.001,
"animationType":"transition",
"beginTime":0,
"textures":["s13.b"]
}
]
,
"textRegions":[{"targetRectangle":{"y":43,
"width":340,
"x":69,
"height":82}
,
"text":"eventd:"}
,{"targetRectangle":{"y":42.5,
"width":219.3438,
"x":414.0625,
"height":81}
,
"text":"Sample"}
,{"targetRectangle":{"y":283.5,
"width":905,
"x":60,
"height":423}
,
"text":"\n//given that mouse = eventd.mouse, keyboard = eventd.keyboard\n//textWidget is just a generic custom textbox with max of 10\n{\nname: \"number input of 11 is valid\",\nrunTest: function(t){\n// Create the deferred\nvar def = new doh.Deferred();\ntextWidget.set(\"value\", \"\");//resetting value\nmouse.click(textWidget).then(function(){\nkeyboard.keystrokes(textWidget, \"11\").then(\ndef.getTestCallback(function() {\nt.f(textWidget.isValid());\n}));\n});\nreturn def;\n}\n                },"}
]
}
,{"automaticPlay":false,
"hyperlinks":[]
,
"eventInitialStates":[{"opacity":1,
"affineTransform":[1,0,0,1,0,0]
,
"texture":"s14.b",
"hidden":0}
,{"opacity":1,
"affineTransform":[1,0,0,1,0,0]
,
"texture":"s14.a",
"hidden":0}
]
,
"eventAnimations":[{"effect":"none",
"actions":[{"beginTime":0,
"from":{"scalar":1}
,
"action":"hidden",
"texture":"s14.a",
"to":{"scalar":1}
,
"timingFunction":"linear",
"duration":0.001}
]
,
"duration":0.001,
"animationType":"transition",
"beginTime":0,
"textures":["s14.a"]
}
,{"effect":"none",
"actions":[{"beginTime":0,
"from":{"scalar":0}
,
"action":"hidden",
"texture":"s14.b",
"to":{"scalar":0}
,
"timingFunction":"linear",
"duration":0.001}
]
,
"duration":0.001,
"animationType":"transition",
"beginTime":0,
"textures":["s14.b"]
}
]
,
"textRegions":[{"targetRectangle":{"y":48,
"width":802,
"x":69,
"height":73}
,
"text":"Integration testing"}
,{"targetRectangle":{"y":542,
"width":819,
"x":92,
"height":80}
,
"text":"Integration testing ensures that widgets play well together"}
,{"targetRectangle":{"y":621,
"width":523,
"x":127,
"height":44}
,
"text":"Easily can be used as regression tests"}
,{"targetRectangle":{"y":366,
"width":421,
"x":60,
"height":124}
,
"text":"\n"}
,{"targetRectangle":{"y":217,
"width":176.2031,
"x":60,
"height":44}
,
"text":"Our widget:"}
]
}
,{"automaticPlay":false,
"hyperlinks":[]
,
"eventInitialStates":[{"opacity":1,
"affineTransform":[1,0,0,1,0,0]
,
"texture":"s15.b",
"hidden":0}
,{"opacity":1,
"affineTransform":[1,0,0,1,0,0]
,
"texture":"s15.a",
"hidden":0}
]
,
"eventAnimations":[{"effect":"none",
"actions":[{"beginTime":0,
"from":{"scalar":1}
,
"action":"hidden",
"texture":"s15.a",
"to":{"scalar":1}
,
"timingFunction":"linear",
"duration":0.001}
]
,
"duration":0.001,
"animationType":"transition",
"beginTime":0,
"textures":["s15.a"]
}
,{"effect":"none",
"actions":[{"beginTime":0,
"from":{"scalar":0}
,
"action":"hidden",
"texture":"s15.b",
"to":{"scalar":0}
,
"timingFunction":"linear",
"duration":0.001}
]
,
"duration":0.001,
"animationType":"transition",
"beginTime":0,
"textures":["s15.b"]
}
]
,
"textRegions":[{"targetRectangle":{"y":64,
"width":464,
"x":69,
"height":41}
,
"text":"Integration testing:"}
,{"targetRectangle":{"y":58.5,
"width":276.5918,
"x":535.4385,
"height":49}
,
"text":"DOH and eventd"}
,{"targetRectangle":{"y":301.5,
"width":951,
"x":60,
"height":346}
,
"text":"\ntabs = new web5.TabContainer({ id: \"TC\", defaultTab: \"one\" }, dojo.byId(\"tabs\"));\none = new dijit.layout.ContentPane({ id: \"one\", title: \"one\", content: \"one\" });\ntwo = new dijit.layout.ContentPane({ id: \"two\", title: \"two\", content: \"two\" });\nthree = new dijit.layout.ContentPane({ id: \"three\",title:\"three\",content:\"three\"});\ntext = new web5.TextBox({max: 10});\ntext.placeAt(two.domNode);\ntabs.addChild(one);\ntabs.addChild(two);\ntabs.addChild(three);\ntabs.startup();\nvar mouse = eventd.mouse;\n"}
,{"targetRectangle":{"y":219,
"width":313,
"x":60,
"height":44}
,
"text":"Widget initialization: "}
]
}
,{"automaticPlay":false,
"hyperlinks":[]
,
"eventInitialStates":[{"opacity":1,
"affineTransform":[1,0,0,1,0,0]
,
"texture":"s16.b",
"hidden":0}
,{"opacity":1,
"affineTransform":[1,0,0,1,0,0]
,
"texture":"s16.a",
"hidden":0}
]
,
"eventAnimations":[{"effect":"none",
"actions":[{"beginTime":0,
"from":{"scalar":1}
,
"action":"hidden",
"texture":"s16.a",
"to":{"scalar":1}
,
"timingFunction":"linear",
"duration":0.001}
]
,
"duration":0.001,
"animationType":"transition",
"beginTime":0,
"textures":["s16.a"]
}
,{"effect":"none",
"actions":[{"beginTime":0,
"from":{"scalar":0}
,
"action":"hidden",
"texture":"s16.b",
"to":{"scalar":0}
,
"timingFunction":"linear",
"duration":0.001}
]
,
"duration":0.001,
"animationType":"transition",
"beginTime":0,
"textures":["s16.b"]
}
]
,
"textRegions":[{"targetRectangle":{"y":64,
"width":464,
"x":69,
"height":41}
,
"text":"Integration testing:"}
,{"targetRectangle":{"y":58.5,
"width":276.5918,
"x":535.4385,
"height":49}
,
"text":"DOH and eventd"}
,{"targetRectangle":{"y":341,
"width":905,
"x":60,
"height":216}
,
"text":"\ndoh.registerGroup(\"web5.TabContainerWidget\", [\n{\nname: \"First tab selected initially\",\nrunTest: function(t){\nt.is(one, tabs.selectedChildWidget, \"one should be selected\");\n   }\n},\n"}
,{"targetRectangle":{"y":229,
"width":157.6406,
"x":60,
"height":44}
,
"text":"The setup:"}
]
}
,{"automaticPlay":false,
"hyperlinks":[]
,
"eventInitialStates":[{"opacity":1,
"affineTransform":[1,0,0,1,0,0]
,
"texture":"s17.b",
"hidden":0}
,{"opacity":1,
"affineTransform":[1,0,0,1,0,0]
,
"texture":"s17.a",
"hidden":0}
]
,
"eventAnimations":[{"effect":"none",
"actions":[{"beginTime":0,
"from":{"scalar":1}
,
"action":"hidden",
"texture":"s17.a",
"to":{"scalar":1}
,
"timingFunction":"linear",
"duration":0.001}
]
,
"duration":0.001,
"animationType":"transition",
"beginTime":0,
"textures":["s17.a"]
}
,{"effect":"none",
"actions":[{"beginTime":0,
"from":{"scalar":0}
,
"action":"hidden",
"texture":"s17.b",
"to":{"scalar":0}
,
"timingFunction":"linear",
"duration":0.001}
]
,
"duration":0.001,
"animationType":"transition",
"beginTime":0,
"textures":["s17.b"]
}
]
,
"textRegions":[{"targetRectangle":{"y":64,
"width":464,
"x":69,
"height":41}
,
"text":"Integration testing:"}
,{"targetRectangle":{"y":58.5,
"width":276.5918,
"x":535.4385,
"height":49}
,
"text":"DOH and eventd"}
,{"targetRectangle":{"y":296.5,
"width":910,
"x":60,
"height":331}
,
"text":"\n{\nname: \"Clicking tab changes selected tab\",\ntimeout: 5000,\nrunTest: function(t){\nvar oneDef = new doh.Deferred(),\ntwoDef = new doh.Deferred(),\nthreeDef = new doh.Deferred(),\ndef = doh.testDeferreds(oneDef, twoDef, threeDef);\n...\nreturn def;\n}\n},\n"}
,{"targetRectangle":{"y":229,
"width":209.5625,
"x":60,
"height":44}
,
"text":"The structure:"}
]
}
,{"automaticPlay":false,
"hyperlinks":[]
,
"eventInitialStates":[{"opacity":1,
"affineTransform":[1,0,0,1,0,0]
,
"texture":"s18.b",
"hidden":0}
,{"opacity":1,
"affineTransform":[1,0,0,1,0,0]
,
"texture":"s18.a",
"hidden":0}
]
,
"eventAnimations":[{"effect":"none",
"actions":[{"beginTime":0,
"from":{"scalar":1}
,
"action":"hidden",
"texture":"s18.a",
"to":{"scalar":1}
,
"timingFunction":"linear",
"duration":0.001}
]
,
"duration":0.001,
"animationType":"transition",
"beginTime":0,
"textures":["s18.a"]
}
,{"effect":"none",
"actions":[{"beginTime":0,
"from":{"scalar":0}
,
"action":"hidden",
"texture":"s18.b",
"to":{"scalar":0}
,
"timingFunction":"linear",
"duration":0.001}
]
,
"duration":0.001,
"animationType":"transition",
"beginTime":0,
"textures":["s18.b"]
}
]
,
"textRegions":[{"targetRectangle":{"y":291.5,
"width":916,
"x":60,
"height":331}
,
"text":"\noneDef.connectTestCallback(tabs, \"onClick\", function(t){                        \nt.is(one, tabs.selectedChildWidget, \"selected child should be one\");\n       threeDef.connectTestCallback(tabs, \"onClick\", function(t){                          \n       t.is(three, tabs.selectedChildWidget, \"selected child should be three\");\n          twoDef.connectTestCallback(tabs, \"onClick\", function(t){                                    \n          t.is(two, tabs.selectedChildWidget, \"selected child should be two\");\n          });\n          mouse.click(tabs.tablist.pane2button.two);\n});\n       mouse.click(tabs.tablist.pane2button.three);\n});\n   mouse.click(tabs.tablist.pane2button.one);\n"}
,{"targetRectangle":{"y":64,
"width":464,
"x":69,
"height":41}
,
"text":"Integration testing:"}
,{"targetRectangle":{"y":58.5,
"width":276.5918,
"x":535.4385,
"height":49}
,
"text":"DOH and eventd"}
,{"targetRectangle":{"y":222,
"width":167.8438,
"x":60,
"height":44}
,
"text":"The action:"}
]
}
,{"note":"slide-19",
"automaticPlay":false,
"hyperlinks":[]
,
"eventInitialStates":[{"opacity":1,
"affineTransform":[1,0,0,1,0,0]
,
"texture":"s19.b",
"hidden":0}
,{"opacity":1,
"affineTransform":[1,0,0,1,0,0]
,
"texture":"s19.a",
"hidden":0}
]
,
"eventAnimations":[{"effect":"none",
"actions":[{"beginTime":0,
"from":{"scalar":1}
,
"action":"hidden",
"texture":"s19.a",
"to":{"scalar":1}
,
"timingFunction":"linear",
"duration":0.001}
]
,
"duration":0.001,
"animationType":"transition",
"beginTime":0,
"textures":["s19.a"]
}
,{"effect":"none",
"actions":[{"beginTime":0,
"from":{"scalar":0}
,
"action":"hidden",
"texture":"s19.b",
"to":{"scalar":0}
,
"timingFunction":"linear",
"duration":0.001}
]
,
"duration":0.001,
"animationType":"transition",
"beginTime":0,
"textures":["s19.b"]
}
]
,
"textRegions":[{"targetRectangle":{"y":64,
"width":464,
"x":69,
"height":41}
,
"text":"Integration testing:"}
,{"targetRectangle":{"y":58.5,
"width":276.5918,
"x":535.4385,
"height":49}
,
"text":"DOH and eventd"}
,{"targetRectangle":{"y":366,
"width":421,
"x":65,
"height":124}
,
"text":"\n"}
,{"targetRectangle":{"y":219,
"width":251.8594,
"x":60,
"height":44}
,
"text":"Our current state"}
,{"targetRectangle":{"y":566.5,
"width":941,
"x":60,
"height":129}
,
"text":"\n  3 tests to run in 1 groups\n ------------------------------------------------------------\n  GROUP \"web5.TabContainer\" has 3 tests to run\n  PASSED test: ../../web5/tests/tab/  test_TabContainer.html::web5.TabContainer::First tab selected initially 0 ms\n  PASSED test: ../../ecollege/tests/tab/test_TabContainer.html::web5.TabContainer::Clicking tab changes selected tab 353 ms\n\n"}
]
}
,{"automaticPlay":false,
"hyperlinks":[]
,
"eventInitialStates":[{"opacity":1,
"affineTransform":[1,0,0,1,0,0]
,
"texture":"s20.b",
"hidden":0}
,{"opacity":1,
"affineTransform":[1,0,0,1,0,0]
,
"texture":"s20.a",
"hidden":0}
]
,
"eventAnimations":[{"effect":"none",
"actions":[{"beginTime":0,
"from":{"scalar":1}
,
"action":"hidden",
"texture":"s20.a",
"to":{"scalar":1}
,
"timingFunction":"linear",
"duration":0.001}
]
,
"duration":0.001,
"animationType":"transition",
"beginTime":0,
"textures":["s20.a"]
}
,{"effect":"none",
"actions":[{"beginTime":0,
"from":{"scalar":0}
,
"action":"hidden",
"texture":"s20.b",
"to":{"scalar":0}
,
"timingFunction":"linear",
"duration":0.001}
]
,
"duration":0.001,
"animationType":"transition",
"beginTime":0,
"textures":["s20.b"]
}
]
,
"textRegions":[{"targetRectangle":{"y":64,
"width":464,
"x":69,
"height":41}
,
"text":"Integration testing:"}
,{"targetRectangle":{"y":58.5,
"width":276.5918,
"x":535.4385,
"height":49}
,
"text":"DOH and eventd"}
,{"targetRectangle":{"y":313.5,
"width":924,
"x":60,
"height":423}
,
"text":"\n   var keyboard = eventd.keyboard;\n{\nname: \"number input of 11 is invalid\",\nrunTest: function(t){\n// Create the deferred\nvar def = new doh.Deferred();\ntextWidget.set(\"value\", \"\");//resetting value\nmouse.click(textWidget).then(function(){\nkeyboard.keystrokes(textWidget, \"11\").then(def.getTestCallback(\nfunction() {\nt.f(textWidget.isValid());\n}));\n});\nreturn def;\n}\n}\n"}
,{"targetRectangle":{"y":239,
"width":718,
"x":60.23438,
"height":44}
,
"text":"Integrating the text widget test into the tab group:"}
]
}
,{"automaticPlay":false,
"hyperlinks":[]
,
"eventInitialStates":[{"opacity":1,
"affineTransform":[1,0,0,1,0,0]
,
"texture":"s21.b",
"hidden":0}
,{"opacity":1,
"affineTransform":[1,0,0,1,0,0]
,
"texture":"s21.a",
"hidden":0}
]
,
"eventAnimations":[{"effect":"none",
"actions":[{"beginTime":0,
"from":{"scalar":1}
,
"action":"hidden",
"texture":"s21.a",
"to":{"scalar":1}
,
"timingFunction":"linear",
"duration":0.001}
]
,
"duration":0.001,
"animationType":"transition",
"beginTime":0,
"textures":["s21.a"]
}
,{"effect":"none",
"actions":[{"beginTime":0,
"from":{"scalar":0}
,
"action":"hidden",
"texture":"s21.b",
"to":{"scalar":0}
,
"timingFunction":"linear",
"duration":0.001}
]
,
"duration":0.001,
"animationType":"transition",
"beginTime":0,
"textures":["s21.b"]
}
]
,
"textRegions":[{"targetRectangle":{"y":64,
"width":464,
"x":69,
"height":41}
,
"text":"Integration testing:"}
,{"targetRectangle":{"y":58.5,
"width":276.5918,
"x":535.4385,
"height":49}
,
"text":"DOH and eventd"}
,{"targetRectangle":{"y":247,
"width":211.3594,
"x":60.05469,
"height":44}
,
"text":"Final Results: "}
,{"targetRectangle":{"y":366,
"width":421,
"x":60,
"height":124}
,
"text":"\n"}
,{"targetRectangle":{"y":492.5,
"width":909,
"x":60,
"height":249}
,
"text":"\n  3 tests to run in 1 groups\n ------------------------------------------------------------\n  GROUP \"web5.TabContainer\" has 3 tests to run\n  PASSED test: ../../web5/tests/tab/  test_TabContainer.html::web5.TabContainer::First tab selected initially 0 ms\n  PASSED test: ../../ecollege/tests/tab/test_TabContainer.html::web5.TabContainer::Clicking tab changes selected tab 353 ms\n  PASSED test: ../../ecollege/tests/tab/test_TabContainer.html::web5.TabContainer::Number input of 11 is invalid 70 ms \n  PASSED test: ../../ecollege/tests/tab/test_TabContainer.html 423 ms\n  WOOHOO!!\n ------------------------------------------------------------\n | TEST SUMMARY:\n ------------------------------------------------------------\n      3 tests in 1 groups\n      0 errors\n      0 failures\n"}
]
}
,{"automaticPlay":false,
"hyperlinks":[]
,
"eventInitialStates":[{"opacity":1,
"affineTransform":[1,0,0,1,0,0]
,
"texture":"s22.b",
"hidden":0}
,{"opacity":1,
"affineTransform":[1,0,0,1,0,0]
,
"texture":"s22.a",
"hidden":0}
]
,
"eventAnimations":[{"effect":"none",
"actions":[{"beginTime":0,
"from":{"scalar":1}
,
"action":"hidden",
"texture":"s22.a",
"to":{"scalar":1}
,
"timingFunction":"linear",
"duration":0.001}
]
,
"duration":0.001,
"animationType":"transition",
"beginTime":0,
"textures":["s22.a"]
}
,{"effect":"none",
"actions":[{"beginTime":0,
"from":{"scalar":0}
,
"action":"hidden",
"texture":"s22.b",
"to":{"scalar":0}
,
"timingFunction":"linear",
"duration":0.001}
]
,
"duration":0.001,
"animationType":"transition",
"beginTime":0,
"textures":["s22.b"]
}
]
,
"textRegions":[{"targetRectangle":{"y":226,
"width":308,
"x":92,
"height":80}
,
"text":"Requirements change"}
,{"targetRectangle":{"y":305,
"width":196,
"x":127,
"height":69}
,
"text":"text input max: 20"}
,{"targetRectangle":{"y":213,
"width":0,
"x":60,
"height":0}
,
"text":""}
,{"targetRectangle":{"y":213,
"width":0,
"x":60,
"height":0}
,
"text":""}
,{"targetRectangle":{"y":213,
"width":0,
"x":60,
"height":0}
,
"text":""}
,{"targetRectangle":{"y":611,
"width":848,
"x":92,
"height":87}
,
"text":"Regression testing ensures that when requirements change, existing functionality is not broken when code is updated."}
,{"targetRectangle":{"y":64,
"width":428,
"x":69,
"height":41}
,
"text":"Regression testing"}
,{"targetRectangle":{"y":369.5,
"width":434,
"x":60,
"height":78}
,
"text":"\ntext = new web5.TextBox({max: 20});\n"}
]
}
,{"automaticPlay":false,
"hyperlinks":[]
,
"eventInitialStates":[{"opacity":1,
"affineTransform":[1,0,0,1,0,0]
,
"texture":"s23.b",
"hidden":0}
,{"opacity":1,
"affineTransform":[1,0,0,1,0,0]
,
"texture":"s23.a",
"hidden":0}
]
,
"eventAnimations":[{"effect":"none",
"actions":[{"beginTime":0,
"from":{"scalar":1}
,
"action":"hidden",
"texture":"s23.a",
"to":{"scalar":1}
,
"timingFunction":"linear",
"duration":0.001}
]
,
"duration":0.001,
"animationType":"transition",
"beginTime":0,
"textures":["s23.a"]
}
,{"effect":"none",
"actions":[{"beginTime":0,
"from":{"scalar":0}
,
"action":"hidden",
"texture":"s23.b",
"to":{"scalar":0}
,
"timingFunction":"linear",
"duration":0.001}
]
,
"duration":0.001,
"animationType":"transition",
"beginTime":0,
"textures":["s23.b"]
}
]
,
"textRegions":[{"targetRectangle":{"y":64,
"width":428,
"x":69,
"height":41}
,
"text":"Regression testing"}
,{"targetRectangle":{"y":243,
"width":560,
"x":92,
"height":44}
,
"text":"So what happens when we run our test?"}
,{"targetRectangle":{"y":366,
"width":421,
"x":60,
"height":124}
,
"text":"\n"}
,{"targetRectangle":{"y":492.5,
"width":909,
"x":60,
"height":249}
,
"text":"\n  3 tests to run in 1 groups\n ------------------------------------------------------------\n  GROUP \"web5.TabContainer\" has 3 tests to run\n  PASSED test: ../../web5/tests/tab/  test_TabContainer.html::web5.TabContainer::First tab selected initially 0 ms\n  PASSED test: ../../ecollege/tests/tab/test_TabContainer.html::web5.TabContainer::Clicking tab changes selected tab 353 ms\n  FAILED test: ../../ecollege/tests/tab/test_TabContainer.html::web5.TabContainer::Number input of 11 is invalid 70 ms \n  FAILED test: ../../ecollege/tests/tab/test_TabContainer.html 423 ms\n  WOOHOO!!\n ------------------------------------------------------------\n | TEST SUMMARY:\n ------------------------------------------------------------\n      3 tests in 1 groups\n      0 errors\n      1 failures\n"}
]
}
,{"automaticPlay":false,
"hyperlinks":[]
,
"eventInitialStates":[{"opacity":1,
"affineTransform":[1,0,0,1,0,0]
,
"texture":"s24.b",
"hidden":0}
,{"opacity":1,
"affineTransform":[1,0,0,1,0,0]
,
"texture":"s24.a",
"hidden":0}
]
,
"eventAnimations":[{"effect":"none",
"actions":[{"beginTime":0,
"from":{"scalar":1}
,
"action":"hidden",
"texture":"s24.a",
"to":{"scalar":1}
,
"timingFunction":"linear",
"duration":0.001}
]
,
"duration":0.001,
"animationType":"transition",
"beginTime":0,
"textures":["s24.a"]
}
,{"effect":"none",
"actions":[{"beginTime":0,
"from":{"scalar":0}
,
"action":"hidden",
"texture":"s24.b",
"to":{"scalar":0}
,
"timingFunction":"linear",
"duration":0.001}
]
,
"duration":0.001,
"animationType":"transition",
"beginTime":0,
"textures":["s24.b"]
}
]
,
"textRegions":[{"targetRectangle":{"y":247,
"width":169,
"x":92,
"height":80}
,
"text":"Wait, what?"}
,{"targetRectangle":{"y":326,
"width":399,
"x":127,
"height":44}
,
"text":"We updated the max to 20..."}
,{"targetRectangle":{"y":64,
"width":428,
"x":69,
"height":41}
,
"text":"Regression testing"}
,{"targetRectangle":{"y":380,
"width":924,
"x":60,
"height":170}
,
"text":"\n   keyboard.keystrokes(textWidget, \"11\").then(def.getTestCallback(\nfunction() {\nt.f(textWidget.isValid());\n}));\n});\n"}
]
}
,{"automaticPlay":false,
"hyperlinks":[]
,
"eventInitialStates":[{"opacity":1,
"affineTransform":[1,0,0,1,0,0]
,
"texture":"s25.b",
"hidden":0}
,{"opacity":1,
"affineTransform":[1,0,0,1,0,0]
,
"texture":"s25.a",
"hidden":0}
]
,
"eventAnimations":[{"effect":"none",
"actions":[{"beginTime":0,
"from":{"scalar":1}
,
"action":"hidden",
"texture":"s25.a",
"to":{"scalar":1}
,
"timingFunction":"linear",
"duration":0.001}
]
,
"duration":0.001,
"animationType":"transition",
"beginTime":0,
"textures":["s25.a"]
}
,{"effect":"none",
"actions":[{"beginTime":0,
"from":{"scalar":0}
,
"action":"hidden",
"texture":"s25.b",
"to":{"scalar":0}
,
"timingFunction":"linear",
"duration":0.001}
]
,
"duration":0.001,
"animationType":"transition",
"beginTime":0,
"textures":["s25.b"]
}
]
,
"textRegions":[{"targetRectangle":{"y":357,
"width":824,
"x":92,
"height":123}
,
"text":"Make sure you are testing what you need to be testing and that your results are what you expect"}
,{"targetRectangle":{"y":479,
"width":858,
"x":92,
"height":87}
,
"text":"In all testing, a complete understanding of requirements and use cases is needed to write good tests - this is a good thing."}
,{"targetRectangle":{"y":64,
"width":428,
"x":69,
"height":41}
,
"text":"Regression testing"}
]
}
,{"automaticPlay":false,
"hyperlinks":[]
,
"eventInitialStates":[{"opacity":1,
"affineTransform":[1,0,0,1,0,0]
,
"texture":"s26.b",
"hidden":0}
,{"opacity":1,
"affineTransform":[1,0,0,1,0,0]
,
"texture":"s26.a",
"hidden":0}
]
,
"eventAnimations":[{"effect":"none",
"actions":[{"beginTime":0,
"from":{"scalar":1}
,
"action":"hidden",
"texture":"s26.a",
"to":{"scalar":1}
,
"timingFunction":"linear",
"duration":0.001}
]
,
"duration":0.001,
"animationType":"transition",
"beginTime":0,
"textures":["s26.a"]
}
,{"effect":"none",
"actions":[{"beginTime":0,
"from":{"scalar":0}
,
"action":"hidden",
"texture":"s26.b",
"to":{"scalar":0}
,
"timingFunction":"linear",
"duration":0.001}
]
,
"duration":0.001,
"animationType":"transition",
"beginTime":0,
"textures":["s26.b"]
}
]
,
"textRegions":[{"targetRectangle":{"y":43,
"width":414,
"x":69,
"height":82}
,
"text":"End game"}
,{"targetRectangle":{"y":417.5,
"width":323.4688,
"x":350,
"height":81}
,
"text":"Questions?"}
]
}
]
,
"loopSlideshow":0,
"showMode":0,
"majorVersion":0,
"notes":{"slide-3":"UI generally requires full functional tests to find success",
"slide-19":"2nd tab is selected, with textbox widget visible",
"slide-5":"Because I’m a dojo fanboi\nCommand line uses Rhino, JS engine written in Java. So document, window DOM, XHR all don’t work",
"slide-13":"eventd uses sythetic events + shims to simulate native events. \n"}
,
"creator":"Apple Keynote 5.1.1",
"author":"",
"comment":"",
"pageCount":26,
"scalefactor480":0.3310547,
"slideCount":26}
