{"slideHeight":768,
"filename":"web5_dgrid.key",
"navigatorEvents":[{"eventName":"Slide 1",
"eventIndex":0}
,{"eventName":"Slide 2",
"eventIndex":1}
,{"eventName":"Slide 3",
"eventIndex":2}
,{"eventName":"Slide 4",
"eventIndex":3}
,{"eventName":"Slide 5",
"eventIndex":4}
,{"eventName":"Slide 6",
"eventIndex":5}
,{"eventName":"Slide 7",
"eventIndex":6}
,{"eventName":"Slide 8",
"eventIndex":7}
,{"eventName":"Slide 9",
"eventIndex":8}
,{"eventName":"Slide 10",
"eventIndex":9}
,{"eventName":"Slide 11",
"eventIndex":10}
,{"eventName":"Slide 12",
"eventIndex":11}
,{"eventName":"Slide 13",
"eventIndex":12}
,{"eventName":"Slide 14",
"eventIndex":13}
,{"eventName":"Slide 15",
"eventIndex":14}
,{"eventName":"Slide 16",
"eventIndex":15}
,{"eventName":"Slide 17",
"eventIndex":16}
,{"eventName":"Slide 18",
"eventIndex":17}
,{"eventName":"Slide 19",
"eventIndex":18}
,{"eventName":"Slide 20",
"eventIndex":19}
,{"eventName":"Slide 21",
"eventIndex":20}
,{"eventName":"Slide 22",
"eventIndex":21}
,{"eventName":"Slide 23",
"eventIndex":22}
,{"eventName":"Slide 24",
"eventIndex":23}
,{"eventName":"Slide 25",
"eventIndex":24}
,{"eventName":"Slide 26",
"eventIndex":25}
,{"eventName":"Slide 27",
"eventIndex":26}
,{"eventName":"Slide 28",
"eventIndex":27}
,{"eventName":"Slide 29",
"eventIndex":28}
,{"eventName":"Slide 30",
"eventIndex":29}
,{"eventName":"Slide 31",
"eventIndex":30}
,{"eventName":"Slide 32",
"eventIndex":31}
,{"eventName":"Slide 33",
"eventIndex":32}
,{"eventName":"Slide 34",
"eventIndex":33}
,{"eventName":"Slide 35",
"eventIndex":34}
,{"eventName":"Slide 36",
"eventIndex":35}
,{"eventName":"Slide 37",
"eventIndex":36}
,{"eventName":"Slide 38",
"eventIndex":37}
,{"eventName":"Slide 39",
"eventIndex":38}
,{"eventName":"Slide 40",
"eventIndex":39}
,{"eventName":"Slide 41",
"eventIndex":40}
,{"eventName":"Slide 42",
"eventIndex":41}
,{"eventName":"Slide 43",
"eventIndex":42}
,{"eventName":"Slide 44",
"eventIndex":43}
,{"eventName":"Slide 45",
"eventIndex":44}
,{"eventName":"Slide 46",
"eventIndex":45}
]
,
"textures":{"s37.b":{"url":"images-1/s37.b.jpeg",
"width":1024,
"height":768}
,
"s34.a":{"url":"images-1/s33.b.jpeg",
"width":1024,
"height":768}
,
"s14.b":{"url":"images-1/s14.b.jpeg",
"width":1024,
"height":768}
,
"s11.a":{"url":"images-1/s10.b.jpeg",
"width":1024,
"height":768}
,
"s1.a":{"url":"images-1/s1.a.jpeg",
"width":1024,
"height":768}
,
"s39.a":{"url":"images-1/s38.b.jpeg",
"width":1024,
"height":768}
,
"s42.b":{"url":"images-1/s42.b.jpeg",
"width":1024,
"height":768}
,
"s16.a":{"url":"images-1/s15.b.jpeg",
"width":1024,
"height":768}
,
"s8.b":{"url":"images-1/s8.b.jpeg",
"width":1024,
"height":768}
,
"s19.b":{"url":"images-1/s19.b.jpeg",
"width":1024,
"height":768}
,
"s44.a":{"url":"images-1/s43.b.jpeg",
"width":1024,
"height":768}
,
"s24.b":{"url":"images-1/s24.b.jpeg",
"width":1024,
"height":768}
,
"s21.a":{"url":"images-1/s20.b.jpeg",
"width":1024,
"height":768}
,
"s1.b":{"url":"images-1/s1.b.jpeg",
"width":1024,
"height":768}
,
"s29.b":{"url":"images-1/s29.b.jpeg",
"width":1024,
"height":768}
,
"s26.a":{"url":"images-1/s25.b.jpeg",
"width":1024,
"height":768}
,
"s4.a":{"url":"images-1/s3.b.jpeg",
"width":1024,
"height":768}
,
"s34.b":{"url":"images-1/s34.b.jpeg",
"width":1024,
"height":768}
,
"s31.a":{"url":"images-1/s30.b.jpeg",
"width":1024,
"height":768}
,
"s11.b":{"url":"images-1/s11.b.jpeg",
"width":1024,
"height":768}
,
"s39.b":{"url":"images-1/s39.b.jpeg",
"width":1024,
"height":768}
,
"s36.a":{"url":"images-1/s35.b.jpeg",
"width":1024,
"height":768}
,
"s16.b":{"url":"images-1/s16.b.jpeg",
"width":1024,
"height":768}
,
"s13.a":{"url":"images-1/s12.b.jpeg",
"width":1024,
"height":768}
,
"s4.b":{"url":"images-1/s4.b.jpeg",
"width":1024,
"height":768}
,
"s7.a":{"url":"images-1/s6.b.jpeg",
"width":1024,
"height":768}
,
"s41.a":{"url":"images-1/s40.b.jpeg",
"width":1024,
"height":768}
,
"s21.b":{"url":"images-1/s21.b.jpeg",
"width":1024,
"height":768}
,
"s18.a":{"url":"images-1/s17.b.jpeg",
"width":1024,
"height":768}
,
"s44.b":{"url":"images-1/s44.b.jpeg",
"width":1024,
"height":768}
,
"s46.a":{"url":"images-1/s45.b.jpeg",
"width":1024,
"height":768}
,
"s26.b":{"url":"images-1/s26.b.jpeg",
"width":1024,
"height":768}
,
"s23.a":{"url":"images-1/s22.b.jpeg",
"width":1024,
"height":768}
,
"s28.a":{"url":"images-1/s27.b.jpeg",
"width":1024,
"height":768}
,
"s31.b":{"url":"images-1/s31.b.jpeg",
"width":1024,
"height":768}
,
"s7.b":{"url":"images-1/s7.b.jpeg",
"width":1024,
"height":768}
,
"s36.b":{"url":"images-1/s36.b.jpeg",
"width":1024,
"height":768}
,
"thumbnail":{"url":"images-1/thumbnail.jpeg",
"width":458,
"height":344}
,
"s33.a":{"url":"images-1/s32.b.jpeg",
"width":1024,
"height":768}
,
"s10.a":{"url":"images-1/s9.b.jpeg",
"width":1024,
"height":768}
,
"s13.b":{"url":"images-1/s13.b.jpeg",
"width":1024,
"height":768}
,
"s38.a":{"url":"images-1/s37.b.jpeg",
"width":1024,
"height":768}
,
"s41.b":{"url":"images-1/s41.b.jpeg",
"width":1024,
"height":768}
,
"s15.a":{"url":"images-1/s14.b.jpeg",
"width":1024,
"height":768}
,
"s3.a":{"url":"images-1/s2.b.jpeg",
"width":1024,
"height":768}
,
"s18.b":{"url":"images-1/s18.b.jpeg",
"width":1024,
"height":768}
,
"s46.b":{"url":"images-1/s46.b.png",
"width":1024,
"height":768}
,
"s43.a":{"url":"images-1/s42.b.jpeg",
"width":1024,
"height":768}
,
"s23.b":{"url":"images-1/s23.b.jpeg",
"width":1024,
"height":768}
,
"s20.a":{"url":"images-1/s19.b.jpeg",
"width":1024,
"height":768}
,
"s3.b":{"url":"images-1/s3.b.jpeg",
"width":1024,
"height":768}
,
"s25.a":{"url":"images-1/s24.b.jpeg",
"width":1024,
"height":768}
,
"s28.b":{"url":"images-1/s28.b.jpeg",
"width":1024,
"height":768}
,
"s6.a":{"url":"images-1/s5.b.jpeg",
"width":1024,
"height":768}
,
"s33.b":{"url":"images-1/s33.b.jpeg",
"width":1024,
"height":768}
,
"s30.a":{"url":"images-1/s29.b.jpeg",
"width":1024,
"height":768}
,
"s10.b":{"url":"images-1/s10.b.jpeg",
"width":1024,
"height":768}
,
"s38.b":{"url":"images-1/s38.b.jpeg",
"width":1024,
"height":768}
,
"s35.a":{"url":"images-1/s34.b.jpeg",
"width":1024,
"height":768}
,
"s15.b":{"url":"images-1/s15.b.jpeg",
"width":1024,
"height":768}
,
"s12.a":{"url":"images-1/s11.b.jpeg",
"width":1024,
"height":768}
,
"s6.b":{"url":"images-1/s6.b.jpeg",
"width":1024,
"height":768}
,
"s43.b":{"url":"images-1/s43.b.jpeg",
"width":1024,
"height":768}
,
"s40.a":{"url":"images-1/s39.b.jpeg",
"width":1024,
"height":768}
,
"s20.b":{"url":"images-1/s20.b.jpeg",
"width":1024,
"height":768}
,
"s17.a":{"url":"images-1/s16.b.jpeg",
"width":1024,
"height":768}
,
"s9.a":{"url":"images-1/s8.b.jpeg",
"width":1024,
"height":768}
,
"s45.a":{"url":"images-1/s44.b.jpeg",
"width":1024,
"height":768}
,
"s25.b":{"url":"images-1/s25.b.jpeg",
"width":1024,
"height":768}
,
"s22.a":{"url":"images-1/s21.b.jpeg",
"width":1024,
"height":768}
,
"s2.a":{"url":"images-1/s1.b.jpeg",
"width":1024,
"height":768}
,
"s27.a":{"url":"images-1/s26.b.jpeg",
"width":1024,
"height":768}
,
"s30.b":{"url":"images-1/s30.b.jpeg",
"width":1024,
"height":768}
,
"s9.b":{"url":"images-1/s9.b.jpeg",
"width":1024,
"height":768}
,
"s35.b":{"url":"images-1/s35.b.jpeg",
"width":1024,
"height":768}
,
"s32.a":{"url":"images-1/s31.b.jpeg",
"width":1024,
"height":768}
,
"s12.b":{"url":"images-1/s12.b.jpeg",
"width":1024,
"height":768}
,
"s2.b":{"url":"images-1/s2.b.jpeg",
"width":1024,
"height":768}
,
"s37.a":{"url":"images-1/s36.b.jpeg",
"width":1024,
"height":768}
,
"s17.b":{"url":"images-1/s17.b.jpeg",
"width":1024,
"height":768}
,
"s14.a":{"url":"images-1/s13.b.jpeg",
"width":1024,
"height":768}
,
"s40.b":{"url":"images-1/s40.b.jpeg",
"width":1024,
"height":768}
,
"s5.a":{"url":"images-1/s4.b.jpeg",
"width":1024,
"height":768}
,
"s45.b":{"url":"images-1/s45.b.jpeg",
"width":1024,
"height":768}
,
"s42.a":{"url":"images-1/s41.b.jpeg",
"width":1024,
"height":768}
,
"s22.b":{"url":"images-1/s22.b.jpeg",
"width":1024,
"height":768}
,
"s19.a":{"url":"images-1/s18.b.jpeg",
"width":1024,
"height":768}
,
"s27.b":{"url":"images-1/s27.b.jpeg",
"width":1024,
"height":768}
,
"s24.a":{"url":"images-1/s23.b.jpeg",
"width":1024,
"height":768}
,
"s5.b":{"url":"images-1/s5.b.jpeg",
"width":1024,
"height":768}
,
"s29.a":{"url":"images-1/s28.b.jpeg",
"width":1024,
"height":768}
,
"s32.b":{"url":"images-1/s32.b.jpeg",
"width":1024,
"height":768}
,
"s8.a":{"url":"images-1/s7.b.jpeg",
"width":1024,
"height":768}
}
,
"slideWidth":1024,
"minorVersion":4,
"timestamp":"2012-03-30 22:06:05",
"title":"web5_dgrid.key",
"eventTimelines":[{"automaticPlay":false,
"hyperlinks":[]
,
"eventInitialStates":[{"opacity":1,
"affineTransform":[1,0,0,1,0,0]
,
"texture":"s1.b",
"hidden":0}
,{"opacity":1,
"affineTransform":[1,0,0,1,0,0]
,
"texture":"s1.a",
"hidden":0}
]
,
"eventAnimations":[{"effect":"none",
"actions":[{"beginTime":0,
"from":{"scalar":1}
,
"action":"hidden",
"texture":"s1.a",
"to":{"scalar":1}
,
"timingFunction":"linear",
"duration":0.001}
]
,
"duration":0.001,
"animationType":"transition",
"beginTime":0,
"textures":["s1.a"]
}
,{"effect":"none",
"actions":[{"beginTime":0,
"from":{"scalar":0}
,
"action":"hidden",
"texture":"s1.b",
"to":{"scalar":0}
,
"timingFunction":"linear",
"duration":0.001}
]
,
"duration":0.001,
"animationType":"transition",
"beginTime":0,
"textures":["s1.b"]
}
]
,
"textRegions":[{"targetRectangle":{"y":643,
"width":696,
"x":164,
"height":78}
,
"text":"Changing the game with dgrid"}
]
}
,{"note":"slide-2",
"automaticPlay":false,
"hyperlinks":[]
,
"eventInitialStates":[{"opacity":1,
"affineTransform":[1,0,0,1,0,0]
,
"texture":"s2.b",
"hidden":0}
,{"opacity":1,
"affineTransform":[1,0,0,1,0,0]
,
"texture":"s2.a",
"hidden":0}
]
,
"eventAnimations":[{"effect":"none",
"actions":[{"beginTime":0,
"from":{"scalar":1}
,
"action":"hidden",
"texture":"s2.a",
"to":{"scalar":1}
,
"timingFunction":"linear",
"duration":0.001}
]
,
"duration":0.001,
"animationType":"transition",
"beginTime":0,
"textures":["s2.a"]
}
,{"effect":"none",
"actions":[{"beginTime":0,
"from":{"scalar":0}
,
"action":"hidden",
"texture":"s2.b",
"to":{"scalar":0}
,
"timingFunction":"linear",
"duration":0.001}
]
,
"duration":0.001,
"animationType":"transition",
"beginTime":0,
"textures":["s2.b"]
}
]
,
"textRegions":[{"targetRectangle":{"y":628,
"width":492,
"x":266,
"height":77}
,
"text":"Nice to Meet You"}
,{"targetRectangle":{"y":132,
"width":302.3777,
"x":360.3995,
"height":65}
,
"text":"Chris Barrett"}
]
}
,{"automaticPlay":false,
"hyperlinks":[]
,
"eventInitialStates":[{"opacity":1,
"affineTransform":[1,0,0,1,0,0]
,
"texture":"s3.b",
"hidden":0}
,{"opacity":1,
"affineTransform":[1,0,0,1,0,0]
,
"texture":"s3.a",
"hidden":0}
]
,
"eventAnimations":[{"effect":"none",
"actions":[{"beginTime":0,
"from":{"scalar":1}
,
"action":"hidden",
"texture":"s3.a",
"to":{"scalar":1}
,
"timingFunction":"linear",
"duration":0.001}
]
,
"duration":0.001,
"animationType":"transition",
"beginTime":0,
"textures":["s3.a"]
}
,{"effect":"none",
"actions":[{"beginTime":0,
"from":{"scalar":0}
,
"action":"hidden",
"texture":"s3.b",
"to":{"scalar":0}
,
"timingFunction":"linear",
"duration":0.001}
]
,
"duration":0.001,
"animationType":"transition",
"beginTime":0,
"textures":["s3.b"]
}
]
,
"textRegions":[{"targetRectangle":{"y":75,
"width":536,
"x":244,
"height":84}
,
"text":"Introducing dgrid"}
,{"targetRectangle":{"y":238,
"width":311,
"x":151,
"height":50}
,
"text":"Created by SitePen in late 2011"}
,{"targetRectangle":{"y":287,
"width":681,
"x":151,
"height":58}
,
"text":"More lightweight, easy-to-use, modular alternative to dojox DataGrid "}
,{"targetRectangle":{"y":344,
"width":542,
"x":151,
"height":58}
,
"text":"Many themes provided, easy to create a custom theme"}
,{"targetRectangle":{"y":401,
"width":371,
"x":151,
"height":58}
,
"text":"Free, open source;  hosted on GitHub"}
,{"targetRectangle":{"y":458,
"width":219,
"x":151,
"height":58}
,
"text":"Written in AMD format"}
,{"targetRectangle":{"y":515,
"width":762,
"x":151,
"height":58}
,
"text":"Features numerous “plugins” to allow editing, advanced formatting, and more"}
,{"targetRectangle":{"y":572,
"width":271,
"x":151,
"height":58}
,
"text":"Mobile- and Desktop-ready"}
,{"targetRectangle":{"y":629,
"width":124,
"x":151,
"height":28}
,
"text":"Fast-loading"}
]
}
,{"automaticPlay":false,
"hyperlinks":[]
,
"eventInitialStates":[{"opacity":1,
"affineTransform":[1,0,0,1,0,0]
,
"texture":"s4.b",
"hidden":0}
,{"opacity":1,
"affineTransform":[1,0,0,1,0,0]
,
"texture":"s4.a",
"hidden":0}
]
,
"eventAnimations":[{"effect":"none",
"actions":[{"beginTime":0,
"from":{"scalar":1}
,
"action":"hidden",
"texture":"s4.a",
"to":{"scalar":1}
,
"timingFunction":"linear",
"duration":0.001}
]
,
"duration":0.001,
"animationType":"transition",
"beginTime":0,
"textures":["s4.a"]
}
,{"effect":"none",
"actions":[{"beginTime":0,
"from":{"scalar":0}
,
"action":"hidden",
"texture":"s4.b",
"to":{"scalar":0}
,
"timingFunction":"linear",
"duration":0.001}
]
,
"duration":0.001,
"animationType":"transition",
"beginTime":0,
"textures":["s4.b"]
}
]
,
"textRegions":[{"targetRectangle":{"y":33,
"width":762,
"x":131,
"height":168}
,
"text":"Mobile-Ready, Desktop-Friendly"}
,{"targetRectangle":{"y":243,
"width":199,
"x":151,
"height":53}
,
"text":"Native-style scrolling"}
,{"targetRectangle":{"y":295,
"width":202,
"x":151,
"height":54}
,
"text":"Baseless, lightweight"}
,{"targetRectangle":{"y":348,
"width":328,
"x":151,
"height":54}
,
"text":"Works everywhere, not just mobile"}
,{"targetRectangle":{"y":401,
"width":108,
"x":197,
"height":53}
,
"text":"Firefox 10+"}
,{"targetRectangle":{"y":453,
"width":86,
"x":197,
"height":54}
,
"text":"Safari 5+"}
,{"targetRectangle":{"y":506,
"width":141,
"x":197,
"height":54}
,
"text":"Chrome stable"}
,{"targetRectangle":{"y":559,
"width":132,
"x":197,
"height":53}
,
"text":"Opera 11.50+"}
,{"targetRectangle":{"y":611,
"width":50,
"x":197,
"height":54}
,
"text":"IE 6+"}
,{"targetRectangle":{"y":664,
"width":201,
"x":197,
"height":27}
,
"text":"iOS 4+, Android 2.3+"}
]
}
,{"automaticPlay":false,
"hyperlinks":[{"url":"https://github.com/sitepen/dgrid",
"targetRectangle":{"y":572,
"width":524,
"x":151,
"height":43}
}
]
,
"eventInitialStates":[{"opacity":1,
"affineTransform":[1,0,0,1,0,0]
,
"texture":"s5.b",
"hidden":0}
,{"opacity":1,
"affineTransform":[1,0,0,1,0,0]
,
"texture":"s5.a",
"hidden":0}
]
,
"eventAnimations":[{"effect":"none",
"actions":[{"beginTime":0,
"from":{"scalar":1}
,
"action":"hidden",
"texture":"s5.a",
"to":{"scalar":1}
,
"timingFunction":"linear",
"duration":0.001}
]
,
"duration":0.001,
"animationType":"transition",
"beginTime":0,
"textures":["s5.a"]
}
,{"effect":"none",
"actions":[{"beginTime":0,
"from":{"scalar":0}
,
"action":"hidden",
"texture":"s5.b",
"to":{"scalar":0}
,
"timingFunction":"linear",
"duration":0.001}
]
,
"duration":0.001,
"animationType":"transition",
"beginTime":0,
"textures":["s5.b"]
}
]
,
"textRegions":[{"targetRectangle":{"y":75,
"width":364,
"x":330,
"height":84}
,
"text":"Lightweight"}
,{"targetRectangle":{"y":280,
"width":226,
"x":151,
"height":73}
,
"text":"35KB minified"}
,{"targetRectangle":{"y":353,
"width":584,
"x":151,
"height":73}
,
"text":"94KB minified with all dependencies"}
,{"targetRectangle":{"y":426,
"width":612,
"x":197,
"height":73}
,
"text":"less than Dojo Base, can go baseless "}
,{"targetRectangle":{"y":499,
"width":202,
"x":151,
"height":73}
,
"text":"Easy to grok"}
,{"targetRectangle":{"y":572,
"width":524,
"x":151,
"height":43}
,
"text":"https://github.com/sitepen/dgrid"}
]
}
,{"automaticPlay":false,
"hyperlinks":[]
,
"eventInitialStates":[{"opacity":1,
"affineTransform":[1,0,0,1,0,0]
,
"texture":"s6.b",
"hidden":0}
,{"opacity":1,
"affineTransform":[1,0,0,1,0,0]
,
"texture":"s6.a",
"hidden":0}
]
,
"eventAnimations":[{"effect":"none",
"actions":[{"beginTime":0,
"from":{"scalar":1}
,
"action":"hidden",
"texture":"s6.a",
"to":{"scalar":1}
,
"timingFunction":"linear",
"duration":0.001}
]
,
"duration":0.001,
"animationType":"transition",
"beginTime":0,
"textures":["s6.a"]
}
,{"effect":"none",
"actions":[{"beginTime":0,
"from":{"scalar":0}
,
"action":"hidden",
"texture":"s6.b",
"to":{"scalar":0}
,
"timingFunction":"linear",
"duration":0.001}
]
,
"duration":0.001,
"animationType":"transition",
"beginTime":0,
"textures":["s6.b"]
}
]
,
"textRegions":[{"targetRectangle":{"y":75,
"width":614,
"x":205,
"height":84}
,
"text":"Object Store Driven"}
,{"targetRectangle":{"y":288,
"width":374,
"x":151,
"height":73}
,
"text":"Fast, lightweight stores"}
,{"targetRectangle":{"y":361,
"width":306,
"x":151,
"height":116}
,
"text":"Powerful query observation events"}
,{"targetRectangle":{"y":477,
"width":405,
"x":151,
"height":129}
,
"text":"Uses the new HTML5-inspired object store API directly"}
]
}
,{"automaticPlay":false,
"hyperlinks":[]
,
"eventInitialStates":[{"opacity":1,
"affineTransform":[1,0,0,1,0,0]
,
"texture":"s7.b",
"hidden":0}
,{"opacity":1,
"affineTransform":[1,0,0,1,0,0]
,
"texture":"s7.a",
"hidden":0}
]
,
"eventAnimations":[{"effect":"none",
"actions":[{"beginTime":0,
"from":{"scalar":1}
,
"action":"hidden",
"texture":"s7.a",
"to":{"scalar":1}
,
"timingFunction":"linear",
"duration":0.001}
]
,
"duration":0.001,
"animationType":"transition",
"beginTime":0,
"textures":["s7.a"]
}
,{"effect":"none",
"actions":[{"beginTime":0,
"from":{"scalar":0}
,
"action":"hidden",
"texture":"s7.b",
"to":{"scalar":0}
,
"timingFunction":"linear",
"duration":0.001}
]
,
"duration":0.001,
"animationType":"transition",
"beginTime":0,
"textures":["s7.b"]
}
]
,
"textRegions":[{"targetRectangle":{"y":75,
"width":690,
"x":167,
"height":84}
,
"text":"Modular, Composable"}
,{"targetRectangle":{"y":285,
"width":284,
"x":628,
"height":73}
,
"text":"Extensible design"}
,{"targetRectangle":{"y":358,
"width":322,
"x":628,
"height":159}
,
"text":"Different grid components combined as mixins"}
,{"targetRectangle":{"y":517,
"width":322,
"x":628,
"height":86}
,
"text":"Column plugins are defined per-column"}
]
}
,{"note":"slide-8",
"automaticPlay":false,
"hyperlinks":[]
,
"eventInitialStates":[{"opacity":1,
"affineTransform":[1,0,0,1,0,0]
,
"texture":"s8.b",
"hidden":0}
,{"opacity":1,
"affineTransform":[1,0,0,1,0,0]
,
"texture":"s8.a",
"hidden":0}
]
,
"eventAnimations":[{"effect":"none",
"actions":[{"beginTime":0,
"from":{"scalar":1}
,
"action":"hidden",
"texture":"s8.a",
"to":{"scalar":1}
,
"timingFunction":"linear",
"duration":0.001}
]
,
"duration":0.001,
"animationType":"transition",
"beginTime":0,
"textures":["s8.a"]
}
,{"effect":"none",
"actions":[{"beginTime":0,
"from":{"scalar":0}
,
"action":"hidden",
"texture":"s8.b",
"to":{"scalar":0}
,
"timingFunction":"linear",
"duration":0.001}
]
,
"duration":0.001,
"animationType":"transition",
"beginTime":0,
"textures":["s8.b"]
}
]
,
"textRegions":[{"targetRectangle":{"y":75,
"width":402,
"x":311,
"height":84}
,
"text":"Performance"}
,{"targetRectangle":{"y":303,
"width":249,
"x":151,
"height":73}
,
"text":"Fast. Very Fast."}
,{"targetRectangle":{"y":376,
"width":526,
"x":151,
"height":73}
,
"text":"Loads much faster being smaller"}
,{"targetRectangle":{"y":449,
"width":648,
"x":151,
"height":116}
,
"text":"Renders results about 6-10x faster than dojox.grid.DataGrid!"}
,{"targetRectangle":{"y":565,
"width":716,
"x":151,
"height":43}
,
"text":"Optimized for modern platforms (like mobile)"}
]
}
,{"automaticPlay":false,
"hyperlinks":[]
,
"eventInitialStates":[{"opacity":1,
"affineTransform":[1,0,0,1,0,0]
,
"texture":"s9.b",
"hidden":0}
,{"opacity":1,
"affineTransform":[1,0,0,1,0,0]
,
"texture":"s9.a",
"hidden":0}
]
,
"eventAnimations":[{"effect":"none",
"actions":[{"beginTime":0,
"from":{"scalar":1}
,
"action":"hidden",
"texture":"s9.a",
"to":{"scalar":1}
,
"timingFunction":"linear",
"duration":0.001}
]
,
"duration":0.001,
"animationType":"transition",
"beginTime":0,
"textures":["s9.a"]
}
,{"effect":"none",
"actions":[{"beginTime":0,
"from":{"scalar":0}
,
"action":"hidden",
"texture":"s9.b",
"to":{"scalar":0}
,
"timingFunction":"linear",
"duration":0.001}
]
,
"duration":0.001,
"animationType":"transition",
"beginTime":0,
"textures":["s9.b"]
}
]
,
"textRegions":[{"targetRectangle":{"y":33,
"width":678,
"x":183,
"height":168}
,
"text":"DOM-based Element Creation"}
,{"targetRectangle":{"y":253,
"width":434,
"x":151,
"height":144}
,
"text":"innerHTML not always fastest approach (depends on browser)"}
,{"targetRectangle":{"y":397,
"width":439,
"x":151,
"height":182}
,
"text":"Direct DOM creation makes easy to reference, connect, modify elements at every step in rendering"}
,{"targetRectangle":{"y":579,
"width":351,
"x":151,
"height":68}
,
"text":"Plugins are super simple"}
,{"targetRectangle":{"y":647,
"width":406,
"x":151,
"height":76}
,
"text":"Tree is just over 100 lines of code!"}
]
}
,{"automaticPlay":false,
"hyperlinks":[]
,
"eventInitialStates":[{"opacity":1,
"affineTransform":[1,0,0,1,0,0]
,
"texture":"s10.b",
"hidden":0}
,{"opacity":1,
"affineTransform":[1,0,0,1,0,0]
,
"texture":"s10.a",
"hidden":0}
]
,
"eventAnimations":[{"effect":"none",
"actions":[{"beginTime":0,
"from":{"scalar":1}
,
"action":"hidden",
"texture":"s10.a",
"to":{"scalar":1}
,
"timingFunction":"linear",
"duration":0.001}
]
,
"duration":0.001,
"animationType":"transition",
"beginTime":0,
"textures":["s10.a"]
}
,{"effect":"none",
"actions":[{"beginTime":0,
"from":{"scalar":0}
,
"action":"hidden",
"texture":"s10.b",
"to":{"scalar":0}
,
"timingFunction":"linear",
"duration":0.001}
]
,
"duration":0.001,
"animationType":"transition",
"beginTime":0,
"textures":["s10.b"]
}
]
,
"textRegions":[{"targetRectangle":{"y":38,
"width":370,
"x":327,
"height":84}
,
"text":"CSS-Driven"}
,{"targetRectangle":{"y":254,
"width":360,
"x":151,
"height":73}
,
"text":"Almost no inline styles"}
,{"targetRectangle":{"y":327,
"width":451,
"x":151,
"height":73}
,
"text":"Easy customization via CSS"}
,{"targetRectangle":{"y":400,
"width":508,
"x":197,
"height":73}
,
"text":"No coding necessary for styling"}
,{"targetRectangle":{"y":473,
"width":488,
"x":151,
"height":73}
,
"text":"Further improves performance"}
,{"targetRectangle":{"y":546,
"width":288,
"x":151,
"height":73}
,
"text":"Easier to maintain"}
,{"targetRectangle":{"y":619,
"width":709,
"x":197,
"height":86}
,
"text":"No more digging through code to find inline styles"}
]
}
,{"automaticPlay":false,
"hyperlinks":[]
,
"eventInitialStates":[{"opacity":1,
"affineTransform":[1,0,0,1,0,0]
,
"texture":"s11.b",
"hidden":0}
,{"opacity":1,
"affineTransform":[1,0,0,1,0,0]
,
"texture":"s11.a",
"hidden":0}
]
,
"eventAnimations":[{"effect":"none",
"actions":[{"beginTime":0,
"from":{"scalar":1}
,
"action":"hidden",
"texture":"s11.a",
"to":{"scalar":1}
,
"timingFunction":"linear",
"duration":0.001}
]
,
"duration":0.001,
"animationType":"transition",
"beginTime":0,
"textures":["s11.a"]
}
,{"effect":"none",
"actions":[{"beginTime":0,
"from":{"scalar":0}
,
"action":"hidden",
"texture":"s11.b",
"to":{"scalar":0}
,
"timingFunction":"linear",
"duration":0.001}
]
,
"duration":0.001,
"animationType":"transition",
"beginTime":0,
"textures":["s11.b"]
}
]
,
"textRegions":[{"targetRectangle":{"y":75,
"width":492,
"x":266,
"height":84}
,
"text":"CSS Modularity"}
,{"targetRectangle":{"y":233,
"width":466,
"x":151,
"height":60}
,
"text":"Proper skin vs structure separation"}
,{"targetRectangle":{"y":292,
"width":488,
"x":151,
"height":61}
,
"text":"Easing skinning with generic classes"}
,{"targetRectangle":{"y":352,
"width":190,
"x":151,
"height":61}
,
"text":"Utilizes XStyle"}
,{"targetRectangle":{"y":412,
"width":600,
"x":197,
"height":61}
,
"text":"Framework for shimming and extending CSS"}
,{"targetRectangle":{"y":472,
"width":285,
"x":197,
"height":61}
,
"text":"Handles loading CSS"}
,{"targetRectangle":{"y":532,
"width":170,
"x":197,
"height":61}
,
"text":"Parsing CSS"}
,{"targetRectangle":{"y":592,
"width":640,
"x":197,
"height":71}
,
"text":"Uses CSS plugins to handle specific shims and extensions"}
]
}
,{"automaticPlay":false,
"hyperlinks":[]
,
"eventInitialStates":[{"opacity":1,
"affineTransform":[1,0,0,1,0,0]
,
"texture":"s12.b",
"hidden":0}
,{"opacity":1,
"affineTransform":[1,0,0,1,0,0]
,
"texture":"s12.a",
"hidden":0}
]
,
"eventAnimations":[{"effect":"none",
"actions":[{"beginTime":0,
"from":{"scalar":1}
,
"action":"hidden",
"texture":"s12.a",
"to":{"scalar":1}
,
"timingFunction":"linear",
"duration":0.001}
]
,
"duration":0.001,
"animationType":"transition",
"beginTime":0,
"textures":["s12.a"]
}
,{"effect":"none",
"actions":[{"beginTime":0,
"from":{"scalar":0}
,
"action":"hidden",
"texture":"s12.b",
"to":{"scalar":0}
,
"timingFunction":"linear",
"duration":0.001}
]
,
"duration":0.001,
"animationType":"transition",
"beginTime":0,
"textures":["s12.b"]
}
]
,
"textRegions":[{"targetRectangle":{"y":75,
"width":172,
"x":426,
"height":84}
,
"text":"Skins"}
,{"targetRectangle":{"y":288,
"width":793,
"x":151,
"height":116}
,
"text":"Claro, Tundra, Soria, Nihilo, Cactus, Squid, Sage, Slate"}
,{"targetRectangle":{"y":404,
"width":770,
"x":151,
"height":116}
,
"text":"Compatible with jQuery Themeroller for generic styling"}
,{"targetRectangle":{"y":520,
"width":734,
"x":197,
"height":86}
,
"text":"ui-widget-content, ui-widget-header, ui-state-default, ui-state-active, ui-state-highlight"}
]
}
,{"automaticPlay":false,
"hyperlinks":[]
,
"eventInitialStates":[{"opacity":1,
"affineTransform":[1,0,0,1,0,0]
,
"texture":"s13.b",
"hidden":0}
,{"opacity":1,
"affineTransform":[1,0,0,1,0,0]
,
"texture":"s13.a",
"hidden":0}
]
,
"eventAnimations":[{"effect":"none",
"actions":[{"beginTime":0,
"from":{"scalar":1}
,
"action":"hidden",
"texture":"s13.a",
"to":{"scalar":1}
,
"timingFunction":"linear",
"duration":0.001}
]
,
"duration":0.001,
"animationType":"transition",
"beginTime":0,
"textures":["s13.a"]
}
,{"effect":"none",
"actions":[{"beginTime":0,
"from":{"scalar":0}
,
"action":"hidden",
"texture":"s13.b",
"to":{"scalar":0}
,
"timingFunction":"linear",
"duration":0.001}
]
,
"duration":0.001,
"animationType":"transition",
"beginTime":0,
"textures":["s13.b"]
}
]
,
"textRegions":[{"targetRectangle":{"y":75,
"width":518,
"x":253,
"height":84}
,
"text":"Skins: Examples"}
]
}
,{"automaticPlay":false,
"hyperlinks":[]
,
"eventInitialStates":[{"opacity":1,
"affineTransform":[1,0,0,1,0,0]
,
"texture":"s14.b",
"hidden":0}
,{"opacity":1,
"affineTransform":[1,0,0,1,0,0]
,
"texture":"s14.a",
"hidden":0}
]
,
"eventAnimations":[{"effect":"none",
"actions":[{"beginTime":0,
"from":{"scalar":1}
,
"action":"hidden",
"texture":"s14.a",
"to":{"scalar":1}
,
"timingFunction":"linear",
"duration":0.001}
]
,
"duration":0.001,
"animationType":"transition",
"beginTime":0,
"textures":["s14.a"]
}
,{"effect":"none",
"actions":[{"beginTime":0,
"from":{"scalar":0}
,
"action":"hidden",
"texture":"s14.b",
"to":{"scalar":0}
,
"timingFunction":"linear",
"duration":0.001}
]
,
"duration":0.001,
"animationType":"transition",
"beginTime":0,
"textures":["s14.b"]
}
]
,
"textRegions":[{"targetRectangle":{"y":75,
"width":651,
"x":196,
"height":84}
,
"text":"dgrid Dependencies "}
,{"targetRectangle":{"y":252,
"width":166,
"x":151,
"height":73}
,
"text":"Dojo 1.7.2"}
,{"targetRectangle":{"y":325,
"width":196,
"x":151,
"height":73}
,
"text":"put-selector"}
,{"targetRectangle":{"y":398,
"width":94,
"x":151,
"height":73}
,
"text":"xstyle"}
,{"targetRectangle":{"y":471,
"width":157,
"x":151,
"height":73}
,
"text":"Optional: "}
,{"targetRectangle":{"y":544,
"width":312,
"x":197,
"height":116}
,
"text":"Dijit (if using Editor widgets)"}
,{"targetRectangle":{"y":660,
"width":353,
"x":197,
"height":43}
,
"text":"Dojox (for some tests)"}
]
}
,{"automaticPlay":false,
"hyperlinks":[]
,
"eventInitialStates":[{"opacity":1,
"affineTransform":[1,0,0,1,0,0]
,
"texture":"s15.b",
"hidden":0}
,{"opacity":1,
"affineTransform":[1,0,0,1,0,0]
,
"texture":"s15.a",
"hidden":0}
]
,
"eventAnimations":[{"effect":"none",
"actions":[{"beginTime":0,
"from":{"scalar":1}
,
"action":"hidden",
"texture":"s15.a",
"to":{"scalar":1}
,
"timingFunction":"linear",
"duration":0.001}
]
,
"duration":0.001,
"animationType":"transition",
"beginTime":0,
"textures":["s15.a"]
}
,{"effect":"none",
"actions":[{"beginTime":0,
"from":{"scalar":0}
,
"action":"hidden",
"texture":"s15.b",
"to":{"scalar":0}
,
"timingFunction":"linear",
"duration":0.001}
]
,
"duration":0.001,
"animationType":"transition",
"beginTime":0,
"textures":["s15.b"]
}
]
,
"textRegions":[{"targetRectangle":{"y":75,
"width":578,
"x":223,
"height":84}
,
"text":"Main Components"}
,{"targetRectangle":{"y":253,
"width":37,
"x":109,
"height":54}
,
"text":"List"}
,{"targetRectangle":{"y":306,
"width":148,
"x":109,
"height":54}
,
"text":"OnDemandList"}
,{"targetRectangle":{"y":359,
"width":42,
"x":109,
"height":54}
,
"text":"Grid"}
,{"targetRectangle":{"y":412,
"width":153,
"x":109,
"height":54}
,
"text":"OnDemandGrid"}
,{"targetRectangle":{"y":465,
"width":140,
"x":109,
"height":29}
,
"text":"GridFromHtml"}
]
}
,{"note":"slide-16",
"automaticPlay":false,
"hyperlinks":[]
,
"eventInitialStates":[{"opacity":1,
"affineTransform":[1,0,0,1,0,0]
,
"texture":"s16.b",
"hidden":0}
,{"opacity":1,
"affineTransform":[1,0,0,1,0,0]
,
"texture":"s16.a",
"hidden":0}
]
,
"eventAnimations":[{"effect":"none",
"actions":[{"beginTime":0,
"from":{"scalar":1}
,
"action":"hidden",
"texture":"s16.a",
"to":{"scalar":1}
,
"timingFunction":"linear",
"duration":0.001}
]
,
"duration":0.001,
"animationType":"transition",
"beginTime":0,
"textures":["s16.a"]
}
,{"effect":"none",
"actions":[{"beginTime":0,
"from":{"scalar":0}
,
"action":"hidden",
"texture":"s16.b",
"to":{"scalar":0}
,
"timingFunction":"linear",
"duration":0.001}
]
,
"duration":0.001,
"animationType":"transition",
"beginTime":0,
"textures":["s16.b"]
}
]
,
"textRegions":[{"targetRectangle":{"y":33,
"width":872,
"x":76,
"height":168}
,
"text":"Mixins, Column Plugins and Extensions"}
,{"targetRectangle":{"y":241,
"width":269,
"x":72,
"height":290}
,
"text":"CellSelection\nColumnSet\nKeyboard\nSelection"}
,{"targetRectangle":{"y":241,
"width":269,
"x":345,
"height":290}
,
"text":"Editor\nSelector\nTree\n"}
,{"targetRectangle":{"y":241,
"width":269,
"x":617,
"height":290}
,
"text":"ColumnHider\nColumnReorder\nColumnResizer\nDijitRegistry\nDnD\nPagination"}
]
}
,{"note":"slide-17",
"automaticPlay":false,
"hyperlinks":[]
,
"eventInitialStates":[{"opacity":1,
"affineTransform":[1,0,0,1,0,0]
,
"texture":"s17.b",
"hidden":0}
,{"opacity":1,
"affineTransform":[1,0,0,1,0,0]
,
"texture":"s17.a",
"hidden":0}
]
,
"eventAnimations":[{"effect":"none",
"actions":[{"beginTime":0,
"from":{"scalar":1}
,
"action":"hidden",
"texture":"s17.a",
"to":{"scalar":1}
,
"timingFunction":"linear",
"duration":0.001}
]
,
"duration":0.001,
"animationType":"transition",
"beginTime":0,
"textures":["s17.a"]
}
,{"effect":"none",
"actions":[{"beginTime":0,
"from":{"scalar":0}
,
"action":"hidden",
"texture":"s17.b",
"to":{"scalar":0}
,
"timingFunction":"linear",
"duration":0.001}
]
,
"duration":0.001,
"animationType":"transition",
"beginTime":0,
"textures":["s17.b"]
}
]
,
"textRegions":[{"targetRectangle":{"y":28,
"width":418,
"x":303,
"height":84}
,
"text":"List: example"}
,{"targetRectangle":{"y":458,
"width":33,
"x":151,
"height":43}
,
"text":"API"}
,{"targetRectangle":{"y":500,
"width":100,
"x":197,
"height":43}
,
"text":"row(target)"}
,{"targetRectangle":{"y":542,
"width":165,
"x":197,
"height":44}
,
"text":"on(event,listener) "}
,{"targetRectangle":{"y":585,
"width":294,
"x":197,
"height":43}
,
"text":"renderArray(array, beforeNode) "}
,{"targetRectangle":{"y":627,
"width":244,
"x":197,
"height":43}
,
"text":"renderRow(value, options)"}
,{"targetRectangle":{"y":670,
"width":362,
"x":197,
"height":43}
,
"text":"removeRow(rowElement, justCleanup) "}
,{"targetRectangle":{"y":712,
"width":176,
"x":197,
"height":26}
,
"text":"setters and getters"}
,{"targetRectangle":{"y":165,
"width":926,
"x":72,
"height":38}
,
"text":"List takes an array of objects and renders each as a row of HTML in a scrollable area"}
]
}
,{"note":"slide-18",
"automaticPlay":false,
"hyperlinks":[]
,
"eventInitialStates":[{"opacity":1,
"affineTransform":[1,0,0,1,0,0]
,
"texture":"s18.b",
"hidden":0}
,{"opacity":1,
"affineTransform":[1,0,0,1,0,0]
,
"texture":"s18.a",
"hidden":0}
]
,
"eventAnimations":[{"effect":"none",
"actions":[{"beginTime":0,
"from":{"scalar":1}
,
"action":"hidden",
"texture":"s18.a",
"to":{"scalar":1}
,
"timingFunction":"linear",
"duration":0.001}
]
,
"duration":0.001,
"animationType":"transition",
"beginTime":0,
"textures":["s18.a"]
}
,{"effect":"none",
"actions":[{"beginTime":0,
"from":{"scalar":0}
,
"action":"hidden",
"texture":"s18.b",
"to":{"scalar":0}
,
"timingFunction":"linear",
"duration":0.001}
]
,
"duration":0.001,
"animationType":"transition",
"beginTime":0,
"textures":["s18.b"]
}
]
,
"textRegions":[{"targetRectangle":{"y":9,
"width":499,
"x":283,
"height":74}
,
"text":"OnDemandList.js"}
,{"targetRectangle":{"y":83,
"width":12,
"x":532,
"height":40}
,
"text":"\t"}
,{"targetRectangle":{"y":182,
"width":798,
"x":152,
"height":92}
,
"text":"ODL extends List to support lazy loading data from an Object store."}
,{"targetRectangle":{"y":274,
"width":46,
"x":152,
"height":58}
,
"text":"API"}
,{"targetRectangle":{"y":332,
"width":513,
"x":198,
"height":58}
,
"text":"refresh() - re-renders with existing query"}
,{"targetRectangle":{"y":390,
"width":340,
"x":152,
"height":58}
,
"text":"Inherited from _StoreMixin"}
,{"targetRectangle":{"y":448,
"width":349,
"x":198,
"height":47}
,
"text":"set(“sort”, {}) - defers sorting to the store"}
,{"targetRectangle":{"y":495,
"width":592,
"x":198,
"height":47}
,
"text":"get(“sort”) - managed initially by List’s sort(), stores current sort order"}
,{"targetRectangle":{"y":542,
"width":325,
"x":198,
"height":47}
,
"text":"save() - sends dirty data back to store"}
,{"targetRectangle":{"y":589,
"width":612,
"x":198,
"height":47}
,
"text":"getBeforePut: a flag that defaults to true to re-fetch items before saving"}
,{"targetRectangle":{"y":636,
"width":659,
"x":198,
"height":47}
,
"text":"set(\"query\", query, queryOptions) - set a new query to the store, with options"}
,{"targetRectangle":{"y":683,
"width":483,
"x":198,
"height":47}
,
"text":"set(\"store\", store, query, queryOptions) - set a new store"}
,{"targetRectangle":{"y":730,
"width":763,
"x":198,
"height":23}
,
"text":"updateDirty(id,field,value) - Updates dirty data of a field for the item with the specified ID."}
]
}
,{"note":"slide-19",
"automaticPlay":false,
"hyperlinks":[]
,
"eventInitialStates":[{"opacity":1,
"affineTransform":[1,0,0,1,0,0]
,
"texture":"s19.b",
"hidden":0}
,{"opacity":1,
"affineTransform":[1,0,0,1,0,0]
,
"texture":"s19.a",
"hidden":0}
]
,
"eventAnimations":[{"effect":"none",
"actions":[{"beginTime":0,
"from":{"scalar":1}
,
"action":"hidden",
"texture":"s19.a",
"to":{"scalar":1}
,
"timingFunction":"linear",
"duration":0.001}
]
,
"duration":0.001,
"animationType":"transition",
"beginTime":0,
"textures":["s19.a"]
}
,{"effect":"none",
"actions":[{"beginTime":0,
"from":{"scalar":0}
,
"action":"hidden",
"texture":"s19.b",
"to":{"scalar":0}
,
"timingFunction":"linear",
"duration":0.001}
]
,
"duration":0.001,
"animationType":"transition",
"beginTime":0,
"textures":["s19.b"]
}
]
,
"textRegions":[{"targetRectangle":{"y":485.5,
"width":938,
"x":72,
"height":279}
,
"text":"require([\"dgrid/OnDemandList\", \"dgrid/Selection\", \"dgrid/test/data/base\",\"dojo/_base/declare\",\"dojo/domReady!\"], \n    function(OnDemandList, Selection, testStore, declare){\n        var listAddDel = new declare([OnDemandList, Selection])({\n                                store: smallColorStore,\n                                selectionMode: \"multiple\",\n                               }, \"listAddDel\");\n    });"}
,{"targetRectangle":{"y":2,
"width":921,
"x":51,
"height":120}
,
"text":"OnDemandList.js\t"}
,{"targetRectangle":{"y":204,
"width":213,
"x":153,
"height":29}
,
"text":"Inherited from _StoreMixin"}
,{"targetRectangle":{"y":233,
"width":200,
"x":199,
"height":39}
,
"text":"set(“sort”, {}) / get(“sort”)"}
,{"targetRectangle":{"y":272,
"width":48,
"x":199,
"height":39}
,
"text":"save()"}
,{"targetRectangle":{"y":311,
"width":107,
"x":199,
"height":39}
,
"text":"getBeforePut"}
,{"targetRectangle":{"y":350,
"width":268,
"x":199,
"height":39}
,
"text":"set(\"query\", query, queryOptions)"}
,{"targetRectangle":{"y":389,
"width":318,
"x":199,
"height":39}
,
"text":"set(\"store\", store, query, queryOptions) "}
,{"targetRectangle":{"y":428,
"width":205,
"x":199,
"height":32}
,
"text":"updateDirty(id,field,value)"}
,{"targetRectangle":{"y":115.5,
"width":926,
"x":49,
"height":45}
,
"text":"ODL extends List to support lazy loading data from an Object store."}
]
}
,{"note":"slide-20",
"automaticPlay":false,
"hyperlinks":[]
,
"eventInitialStates":[{"opacity":1,
"affineTransform":[1,0,0,1,0,0]
,
"texture":"s20.b",
"hidden":0}
,{"opacity":1,
"affineTransform":[1,0,0,1,0,0]
,
"texture":"s20.a",
"hidden":0}
]
,
"eventAnimations":[{"effect":"none",
"actions":[{"beginTime":0,
"from":{"scalar":1}
,
"action":"hidden",
"texture":"s20.a",
"to":{"scalar":1}
,
"timingFunction":"linear",
"duration":0.001}
]
,
"duration":0.001,
"animationType":"transition",
"beginTime":0,
"textures":["s20.a"]
}
,{"effect":"none",
"actions":[{"beginTime":0,
"from":{"scalar":0}
,
"action":"hidden",
"texture":"s20.b",
"to":{"scalar":0}
,
"timingFunction":"linear",
"duration":0.001}
]
,
"duration":0.001,
"animationType":"transition",
"beginTime":0,
"textures":["s20.b"]
}
]
,
"textRegions":[{"targetRectangle":{"y":20,
"width":204,
"x":410,
"height":84}
,
"text":"Grid.js"}
,{"targetRectangle":{"y":119,
"width":906,
"x":72,
"height":123}
,
"text":"Grid extends List to provide tabular display of data in columns.  These columns are derived from the columns property which can be either an array or object. "}
]
}
,{"note":"slide-21",
"automaticPlay":false,
"hyperlinks":[]
,
"eventInitialStates":[{"opacity":1,
"affineTransform":[1,0,0,1,0,0]
,
"texture":"s21.b",
"hidden":0}
,{"opacity":1,
"affineTransform":[1,0,0,1,0,0]
,
"texture":"s21.a",
"hidden":0}
]
,
"eventAnimations":[{"effect":"none",
"actions":[{"beginTime":0,
"from":{"scalar":1}
,
"action":"hidden",
"texture":"s21.a",
"to":{"scalar":1}
,
"timingFunction":"linear",
"duration":0.001}
]
,
"duration":0.001,
"animationType":"transition",
"beginTime":0,
"textures":["s21.a"]
}
,{"effect":"none",
"actions":[{"beginTime":0,
"from":{"scalar":0}
,
"action":"hidden",
"texture":"s21.b",
"to":{"scalar":0}
,
"timingFunction":"linear",
"duration":0.001}
]
,
"duration":0.001,
"animationType":"transition",
"beginTime":0,
"textures":["s21.b"]
}
]
,
"textRegions":[{"targetRectangle":{"y":12,
"width":757,
"x":123,
"height":94}
,
"text":"Grid Column Object"}
,{"targetRectangle":{"y":112,
"width":31,
"x":151,
"height":47}
,
"text":"API"}
,{"targetRectangle":{"y":158,
"width":383,
"x":141,
"height":35}
,
"text":"Properties: field, label, className, id, sortable"}
,{"targetRectangle":{"y":192,
"width":88,
"x":141,
"height":44}
,
"text":"get(object)"}
,{"targetRectangle":{"y":235,
"width":129,
"x":141,
"height":43}
,
"text":"formatter(value)"}
,{"targetRectangle":{"y":277,
"width":292,
"x":141,
"height":44}
,
"text":"renderCell(object, data, td, options)"}
,{"targetRectangle":{"y":320,
"width":262,
"x":141,
"height":32}
,
"text":"renderHeaderCell(contentNode)"}
,{"targetRectangle":{"y":369,
"width":834,
"x":72,
"height":407}
,
"text":"var columns = {\n                          first: { label: \"First Name\" },\n                          age: { get: function(object) {\n                                return object.birthdate.getTime();\n                             }\n                          }\n                       };\nvar columns  =  [\n                             { label: \"First Name\", field: \"first\" },\n                             { label: \"Last Name\", field: \"last\" }\n                          ];\n\nvar columns = { \n                          first: \"First Name\",\n                          last: \"Last Name\"\n                        };"}
,{"targetRectangle":{"y":785,
"width":834,
"x":122,
"height":99}
,
"text":"var columns = { \n                first: \"First Name\",\n                last: \"Last Name\"\n                };"}
]
}
,{"automaticPlay":false,
"hyperlinks":[]
,
"eventInitialStates":[{"opacity":1,
"affineTransform":[1,0,0,1,0,0]
,
"texture":"s22.b",
"hidden":0}
,{"opacity":1,
"affineTransform":[1,0,0,1,0,0]
,
"texture":"s22.a",
"hidden":0}
]
,
"eventAnimations":[{"effect":"none",
"actions":[{"beginTime":0,
"from":{"scalar":1}
,
"action":"hidden",
"texture":"s22.a",
"to":{"scalar":1}
,
"timingFunction":"linear",
"duration":0.001}
]
,
"duration":0.001,
"animationType":"transition",
"beginTime":0,
"textures":["s22.a"]
}
,{"effect":"none",
"actions":[{"beginTime":0,
"from":{"scalar":0}
,
"action":"hidden",
"texture":"s22.b",
"to":{"scalar":0}
,
"timingFunction":"linear",
"duration":0.001}
]
,
"duration":0.001,
"animationType":"transition",
"beginTime":0,
"textures":["s22.b"]
}
]
,
"textRegions":[{"targetRectangle":{"y":18,
"width":562,
"x":231,
"height":84}
,
"text":"OnDemandGrid.js"}
,{"targetRectangle":{"y":696,
"width":558,
"x":240,
"height":43}
,
"text":"Literally OnDemandList.js + Grid.js"}
]
}
,{"note":"slide-23",
"automaticPlay":false,
"hyperlinks":[]
,
"eventInitialStates":[{"opacity":1,
"affineTransform":[1,0,0,1,0,0]
,
"texture":"s23.b",
"hidden":0}
,{"opacity":1,
"affineTransform":[1,0,0,1,0,0]
,
"texture":"s23.a",
"hidden":0}
]
,
"eventAnimations":[{"effect":"none",
"actions":[{"beginTime":0,
"from":{"scalar":1}
,
"action":"hidden",
"texture":"s23.a",
"to":{"scalar":1}
,
"timingFunction":"linear",
"duration":0.001}
]
,
"duration":0.001,
"animationType":"transition",
"beginTime":0,
"textures":["s23.a"]
}
,{"effect":"none",
"actions":[{"beginTime":0,
"from":{"scalar":0}
,
"action":"hidden",
"texture":"s23.b",
"to":{"scalar":0}
,
"timingFunction":"linear",
"duration":0.001}
]
,
"duration":0.001,
"animationType":"transition",
"beginTime":0,
"textures":["s23.b"]
}
]
,
"textRegions":[{"targetRectangle":{"y":20,
"width":204,
"x":410,
"height":84}
,
"text":"Mixins"}
,{"targetRectangle":{"y":163,
"width":737,
"x":151,
"height":88}
,
"text":"Keyboard: Adds keyboard handling functionality including arrow key navigation and focus."}
,{"targetRectangle":{"y":251,
"width":456,
"x":151,
"height":59}
,
"text":"Selection: Adds row level selection to grid."}
,{"targetRectangle":{"y":310,
"width":559,
"x":151,
"height":59}
,
"text":"CellSelection: Extends selection to cell level on grid."}
,{"targetRectangle":{"y":369,
"width":755,
"x":151,
"height":29}
,
"text":"ColumnSet: divide columns into sets which each scroll independently. "}
]
}
,{"automaticPlay":false,
"hyperlinks":[]
,
"eventInitialStates":[{"opacity":1,
"affineTransform":[1,0,0,1,0,0]
,
"texture":"s24.b",
"hidden":0}
,{"opacity":1,
"affineTransform":[1,0,0,1,0,0]
,
"texture":"s24.a",
"hidden":0}
]
,
"eventAnimations":[{"effect":"none",
"actions":[{"beginTime":0,
"from":{"scalar":1}
,
"action":"hidden",
"texture":"s24.a",
"to":{"scalar":1}
,
"timingFunction":"linear",
"duration":0.001}
]
,
"duration":0.001,
"animationType":"transition",
"beginTime":0,
"textures":["s24.a"]
}
,{"effect":"none",
"actions":[{"beginTime":0,
"from":{"scalar":0}
,
"action":"hidden",
"texture":"s24.b",
"to":{"scalar":0}
,
"timingFunction":"linear",
"duration":0.001}
]
,
"duration":0.001,
"animationType":"transition",
"beginTime":0,
"textures":["s24.b"]
}
]
,
"textRegions":[{"targetRectangle":{"y":26,
"width":494,
"x":265,
"height":84}
,
"text":"Column Plugins"}
,{"targetRectangle":{"y":156,
"width":771,
"x":151,
"height":116}
,
"text":"Column plugins return a function that is used in the columns or columnSets object. "}
,{"targetRectangle":{"y":272,
"width":777,
"x":151,
"height":129}
,
"text":"A column plugin takes the column definition object, plus other parameters depending on the plugin."}
,{"targetRectangle":{"y":485.5,
"width":880,
"x":72,
"height":224}
,
"text":"columns: [\n                // first column will have a tree expander:\n                tree({label: \"Name\", field: \"name\"}),\n                // second column will render with a checkbox: \neditor({label: \"A CheckBox\", field: \"bool\", editOn: \"dblclick\"},\"checkbox\"),\n                // just a normal column:\n                {label: \"Type\", field: \"type\"},\n                ..."}
]
}
,{"note":"slide-25",
"automaticPlay":false,
"hyperlinks":[]
,
"eventInitialStates":[{"opacity":1,
"affineTransform":[1,0,0,1,0,0]
,
"texture":"s25.b",
"hidden":0}
,{"opacity":1,
"affineTransform":[1,0,0,1,0,0]
,
"texture":"s25.a",
"hidden":0}
]
,
"eventAnimations":[{"effect":"none",
"actions":[{"beginTime":0,
"from":{"scalar":1}
,
"action":"hidden",
"texture":"s25.a",
"to":{"scalar":1}
,
"timingFunction":"linear",
"duration":0.001}
]
,
"duration":0.001,
"animationType":"transition",
"beginTime":0,
"textures":["s25.a"]
}
,{"effect":"none",
"actions":[{"beginTime":0,
"from":{"scalar":0}
,
"action":"hidden",
"texture":"s25.b",
"to":{"scalar":0}
,
"timingFunction":"linear",
"duration":0.001}
]
,
"duration":0.001,
"animationType":"transition",
"beginTime":0,
"textures":["s25.b"]
}
]
,
"textRegions":[{"targetRectangle":{"y":176,
"width":741,
"x":130,
"height":116}
,
"text":"Editor: Put widgets in your grid that alter data values. "}
,{"targetRectangle":{"y":292,
"width":813,
"x":130,
"height":202}
,
"text":"Selector: The Selector plugin dedicates a row to a selector component, either a checkbox or radio button which provides an alternative method for selection"}
,{"targetRectangle":{"y":494,
"width":602,
"x":130,
"height":43}
,
"text":"Tree: Expand rows to display children"}
,{"targetRectangle":{"y":16,
"width":880,
"x":72,
"height":102}
,
"text":"Column Plugins"}
]
}
,{"automaticPlay":false,
"hyperlinks":[]
,
"eventInitialStates":[{"opacity":1,
"affineTransform":[1,0,0,1,0,0]
,
"texture":"s26.b",
"hidden":0}
,{"opacity":1,
"affineTransform":[1,0,0,1,0,0]
,
"texture":"s26.a",
"hidden":0}
]
,
"eventAnimations":[{"effect":"none",
"actions":[{"beginTime":0,
"from":{"scalar":1}
,
"action":"hidden",
"texture":"s26.a",
"to":{"scalar":1}
,
"timingFunction":"linear",
"duration":0.001}
]
,
"duration":0.001,
"animationType":"transition",
"beginTime":0,
"textures":["s26.a"]
}
,{"effect":"none",
"actions":[{"beginTime":0,
"from":{"scalar":0}
,
"action":"hidden",
"texture":"s26.b",
"to":{"scalar":0}
,
"timingFunction":"linear",
"duration":0.001}
]
,
"duration":0.001,
"animationType":"transition",
"beginTime":0,
"textures":["s26.b"]
}
]
,
"textRegions":[{"targetRectangle":{"y":14,
"width":296,
"x":364,
"height":94}
,
"text":"Editors"}
,{"targetRectangle":{"y":646,
"width":752,
"x":132,
"height":58}
,
"text":"HTML inputs or Dijit form Widgets"}
]
}
,{"note":"slide-27",
"automaticPlay":false,
"hyperlinks":[]
,
"eventInitialStates":[{"opacity":1,
"affineTransform":[1,0,0,1,0,0]
,
"texture":"s27.b",
"hidden":0}
,{"opacity":1,
"affineTransform":[1,0,0,1,0,0]
,
"texture":"s27.a",
"hidden":0}
]
,
"eventAnimations":[{"effect":"none",
"actions":[{"beginTime":0,
"from":{"scalar":1}
,
"action":"hidden",
"texture":"s27.a",
"to":{"scalar":1}
,
"timingFunction":"linear",
"duration":0.001}
]
,
"duration":0.001,
"animationType":"transition",
"beginTime":0,
"textures":["s27.a"]
}
,{"effect":"none",
"actions":[{"beginTime":0,
"from":{"scalar":0}
,
"action":"hidden",
"texture":"s27.b",
"to":{"scalar":0}
,
"timingFunction":"linear",
"duration":0.001}
]
,
"duration":0.001,
"animationType":"transition",
"beginTime":0,
"textures":["s27.b"]
}
]
,
"textRegions":[{"targetRectangle":{"y":75,
"width":260,
"x":382,
"height":84}
,
"text":"Selector"}
]
}
,{"note":"slide-28",
"automaticPlay":false,
"hyperlinks":[]
,
"eventInitialStates":[{"opacity":1,
"affineTransform":[1,0,0,1,0,0]
,
"texture":"s28.b",
"hidden":0}
,{"opacity":1,
"affineTransform":[1,0,0,1,0,0]
,
"texture":"s28.a",
"hidden":0}
]
,
"eventAnimations":[{"effect":"none",
"actions":[{"beginTime":0,
"from":{"scalar":1}
,
"action":"hidden",
"texture":"s28.a",
"to":{"scalar":1}
,
"timingFunction":"linear",
"duration":0.001}
]
,
"duration":0.001,
"animationType":"transition",
"beginTime":0,
"textures":["s28.a"]
}
,{"effect":"none",
"actions":[{"beginTime":0,
"from":{"scalar":0}
,
"action":"hidden",
"texture":"s28.b",
"to":{"scalar":0}
,
"timingFunction":"linear",
"duration":0.001}
]
,
"duration":0.001,
"animationType":"transition",
"beginTime":0,
"textures":["s28.b"]
}
]
,
"textRegions":[{"targetRectangle":{"y":75,
"width":132,
"x":446,
"height":84}
,
"text":"Tree"}
,{"targetRectangle":{"y":615,
"width":865,
"x":72,
"height":53}
,
"text":"Requires a store that provides getChildren(object, options)"}
]
}
,{"automaticPlay":false,
"hyperlinks":[]
,
"eventInitialStates":[{"opacity":1,
"affineTransform":[1,0,0,1,0,0]
,
"texture":"s29.b",
"hidden":0}
,{"opacity":1,
"affineTransform":[1,0,0,1,0,0]
,
"texture":"s29.a",
"hidden":0}
]
,
"eventAnimations":[{"effect":"none",
"actions":[{"beginTime":0,
"from":{"scalar":1}
,
"action":"hidden",
"texture":"s29.a",
"to":{"scalar":1}
,
"timingFunction":"linear",
"duration":0.001}
]
,
"duration":0.001,
"animationType":"transition",
"beginTime":0,
"textures":["s29.a"]
}
,{"effect":"none",
"actions":[{"beginTime":0,
"from":{"scalar":0}
,
"action":"hidden",
"texture":"s29.b",
"to":{"scalar":0}
,
"timingFunction":"linear",
"duration":0.001}
]
,
"duration":0.001,
"animationType":"transition",
"beginTime":0,
"textures":["s29.b"]
}
]
,
"textRegions":[{"targetRectangle":{"y":50,
"width":524,
"x":250,
"height":84}
,
"text":"dgrid Extensions"}
,{"targetRectangle":{"y":236,
"width":742,
"x":151,
"height":106}
,
"text":"These are additional mixins that live outside of the core functionality. "}
,{"targetRectangle":{"y":341,
"width":757,
"x":197,
"height":106}
,
"text":"ColumnResizer - enable column resizing via mouse drag on column separators"}
,{"targetRectangle":{"y":446,
"width":729,
"x":197,
"height":106}
,
"text":"ColumnHider - a context menu that allows you to hide and unhide specific columns"}
,{"targetRectangle":{"y":551,
"width":716,
"x":197,
"height":68}
,
"text":"ColumnReorder - enable column reorder via DnD"}
,{"targetRectangle":{"y":618,
"width":759,
"x":197,
"height":67}
,
"text":"Pagination - implements classic pagination controls "}
,{"targetRectangle":{"y":684,
"width":668,
"x":197,
"height":40}
,
"text":"Drag n Drop - row drag and drop functionality"}
]
}
,{"automaticPlay":false,
"hyperlinks":[]
,
"eventInitialStates":[{"opacity":1,
"affineTransform":[1,0,0,1,0,0]
,
"texture":"s30.b",
"hidden":0}
,{"opacity":1,
"affineTransform":[1,0,0,1,0,0]
,
"texture":"s30.a",
"hidden":0}
]
,
"eventAnimations":[{"effect":"none",
"actions":[{"beginTime":0,
"from":{"scalar":1}
,
"action":"hidden",
"texture":"s30.a",
"to":{"scalar":1}
,
"timingFunction":"linear",
"duration":0.001}
]
,
"duration":0.001,
"animationType":"transition",
"beginTime":0,
"textures":["s30.a"]
}
,{"effect":"none",
"actions":[{"beginTime":0,
"from":{"scalar":0}
,
"action":"hidden",
"texture":"s30.b",
"to":{"scalar":0}
,
"timingFunction":"linear",
"duration":0.001}
]
,
"duration":0.001,
"animationType":"transition",
"beginTime":0,
"textures":["s30.b"]
}
]
,
"textRegions":[{"targetRectangle":{"y":72,
"width":674,
"x":175,
"height":94}
,
"text":"Now onto the fun"}
]
}
,{"automaticPlay":false,
"hyperlinks":[]
,
"eventInitialStates":[{"opacity":1,
"affineTransform":[1,0,0,1,0,0]
,
"texture":"s31.b",
"hidden":0}
,{"opacity":1,
"affineTransform":[1,0,0,1,0,0]
,
"texture":"s31.a",
"hidden":0}
]
,
"eventAnimations":[{"effect":"none",
"actions":[{"beginTime":0,
"from":{"scalar":1}
,
"action":"hidden",
"texture":"s31.a",
"to":{"scalar":1}
,
"timingFunction":"linear",
"duration":0.001}
]
,
"duration":0.001,
"animationType":"transition",
"beginTime":0,
"textures":["s31.a"]
}
,{"effect":"none",
"actions":[{"beginTime":0,
"from":{"scalar":0}
,
"action":"hidden",
"texture":"s31.b",
"to":{"scalar":0}
,
"timingFunction":"linear",
"duration":0.001}
]
,
"duration":0.001,
"animationType":"transition",
"beginTime":0,
"textures":["s31.b"]
}
]
,
"textRegions":[{"targetRectangle":{"y":21,
"width":260,
"x":382,
"height":84}
,
"text":"dMarket"}
,{"targetRectangle":{"y":693,
"width":688,
"x":175.0884,
"height":51}
,
"text":"Introducing dMarket - newest dgrid demo!"}
]
}
,{"automaticPlay":false,
"hyperlinks":[]
,
"eventInitialStates":[{"opacity":1,
"affineTransform":[1,0,0,1,0,0]
,
"texture":"s32.b",
"hidden":0}
,{"opacity":1,
"affineTransform":[1,0,0,1,0,0]
,
"texture":"s32.a",
"hidden":0}
]
,
"eventAnimations":[{"effect":"none",
"actions":[{"beginTime":0,
"from":{"scalar":1}
,
"action":"hidden",
"texture":"s32.a",
"to":{"scalar":1}
,
"timingFunction":"linear",
"duration":0.001}
]
,
"duration":0.001,
"animationType":"transition",
"beginTime":0,
"textures":["s32.a"]
}
,{"effect":"none",
"actions":[{"beginTime":0,
"from":{"scalar":0}
,
"action":"hidden",
"texture":"s32.b",
"to":{"scalar":0}
,
"timingFunction":"linear",
"duration":0.001}
]
,
"duration":0.001,
"animationType":"transition",
"beginTime":0,
"textures":["s32.b"]
}
]
,
"textRegions":[{"targetRectangle":{"y":44,
"width":520,
"x":252,
"height":84}
,
"text":"dMarket: to start"}
,{"targetRectangle":{"y":304.5,
"width":904,
"x":72,
"height":439}
,
"text":"<script src=\"../../../dojo/dojo.js\" data-dojo-config=\"async:1\"></script>\n<script>\nrequire([\"dgrid/OnDemandGrid\", \"dgrid/Selection\", \"dgrid/Keyboard\", \"dojo/_base/declare\", \"dojo/store/Memory\"],\nfunction(Grid, Selection, Keyboard, Button, declare, Memory) {\n    var Market = declare([Grid, Selection, Keyboard]); //mixin Selection and Keyboard\n    marketGrid = new Market({\n            columns: [\n                {label: \" \", field: \"icon\", sortable: false },\n                { label: \"Artist\", field: \"artist\" },\n                { label: \"Album\", field: \"album\" }\n            ],\n            store: marketStore,\n            renderRow: galleryRender,\n            showHeader: false,\n        }, \"market\");\n});"}
,{"targetRectangle":{"y":234,
"width":140.998,
"x":72,
"height":51}
,
"text":"The grid:"}
]
}
,{"automaticPlay":false,
"hyperlinks":[]
,
"eventInitialStates":[{"opacity":1,
"affineTransform":[1,0,0,1,0,0]
,
"texture":"s33.b",
"hidden":0}
,{"opacity":1,
"affineTransform":[1,0,0,1,0,0]
,
"texture":"s33.a",
"hidden":0}
]
,
"eventAnimations":[{"effect":"none",
"actions":[{"beginTime":0,
"from":{"scalar":1}
,
"action":"hidden",
"texture":"s33.a",
"to":{"scalar":1}
,
"timingFunction":"linear",
"duration":0.001}
]
,
"duration":0.001,
"animationType":"transition",
"beginTime":0,
"textures":["s33.a"]
}
,{"effect":"none",
"actions":[{"beginTime":0,
"from":{"scalar":0}
,
"action":"hidden",
"texture":"s33.b",
"to":{"scalar":0}
,
"timingFunction":"linear",
"duration":0.001}
]
,
"duration":0.001,
"animationType":"transition",
"beginTime":0,
"textures":["s33.b"]
}
]
,
"textRegions":[{"targetRectangle":{"y":49,
"width":800,
"x":112,
"height":94}
,
"text":"dMarket: the markup"}
,{"targetRectangle":{"y":267.5,
"width":904,
"x":72,
"height":393}
,
"text":"<body class=\"slate claro\">\n\n        <div style=\"height:40px; width:1000px;\">\n            <div class=\"marketHeading\">dMarket - Demo for the Web-5 Conference</div>\n            <div id=\"shopping\"></div>\n        </div>\n        <div class=\"marketContainer\">\n            <div id=\"market\" class=\"gallery\"></div>\n            <div id=\"descContainer\" class=\"desc\"></div>\n            <div id=\"shoppingCart\">\n                <div id=\"purchases\" class=\"table\"></div>\n                <div id=\"deleteBtn\" class=\"delete\"></div>\n                <div id=\"totalNode\" style=\"float:right; margin-top:10px;\">Total: </div>\n            </div>\n        </div>"}
]
}
,{"automaticPlay":false,
"hyperlinks":[]
,
"eventInitialStates":[{"opacity":1,
"affineTransform":[1,0,0,1,0,0]
,
"texture":"s34.b",
"hidden":0}
,{"opacity":1,
"affineTransform":[1,0,0,1,0,0]
,
"texture":"s34.a",
"hidden":0}
]
,
"eventAnimations":[{"effect":"none",
"actions":[{"beginTime":0,
"from":{"scalar":1}
,
"action":"hidden",
"texture":"s34.a",
"to":{"scalar":1}
,
"timingFunction":"linear",
"duration":0.001}
]
,
"duration":0.001,
"animationType":"transition",
"beginTime":0,
"textures":["s34.a"]
}
,{"effect":"none",
"actions":[{"beginTime":0,
"from":{"scalar":0}
,
"action":"hidden",
"texture":"s34.b",
"to":{"scalar":0}
,
"timingFunction":"linear",
"duration":0.001}
]
,
"duration":0.001,
"animationType":"transition",
"beginTime":0,
"textures":["s34.b"]
}
]
,
"textRegions":[{"targetRectangle":{"y":22,
"width":732,
"x":156,
"height":168}
,
"text":"dMarket: rendering the gallery "}
,{"targetRectangle":{"y":224.5,
"width":904,
"x":72,
"height":394}
,
"text":"var galleryRender = function(obj, options){\n        // function used for renderRow for gallery view (large tiled thumbnails)\n        var div = put(\"div\");\n        div.innerHTML = '<div class=\"galleryCell\">' +\n              '<div class=\"icon\" style=\"background-image:url(resources/' + obj.icon + '.jpg);\">&nbsp;</div>' +\n                            '<div class=\"info\">' +\n                                '<div class=\"album\">'+obj.album+'</div>' +\n                                '<div class=\"name\">' + obj.artist + '</div>' +\n                                '<div class=\"genre\">'+obj.genre+'</div>' +\n                                '<div class=\"price\">$'+obj.price+'</div>' +\n                        '</div></div>';\n        return div;\n    };"}
,{"targetRectangle":{"y":689,
"width":903,
"x":72,
"height":55}
,
"text":"Using renderRow to change how you view data."}
]
}
,{"automaticPlay":false,
"hyperlinks":[]
,
"eventInitialStates":[{"opacity":1,
"affineTransform":[1,0,0,1,0,0]
,
"texture":"s35.b",
"hidden":0}
,{"opacity":1,
"affineTransform":[1,0,0,1,0,0]
,
"texture":"s35.a",
"hidden":0}
]
,
"eventAnimations":[{"effect":"none",
"actions":[{"beginTime":0,
"from":{"scalar":1}
,
"action":"hidden",
"texture":"s35.a",
"to":{"scalar":1}
,
"timingFunction":"linear",
"duration":0.001}
]
,
"duration":0.001,
"animationType":"transition",
"beginTime":0,
"textures":["s35.a"]
}
,{"effect":"none",
"actions":[{"beginTime":0,
"from":{"scalar":0}
,
"action":"hidden",
"texture":"s35.b",
"to":{"scalar":0}
,
"timingFunction":"linear",
"duration":0.001}
]
,
"duration":0.001,
"animationType":"transition",
"beginTime":0,
"textures":["s35.b"]
}
]
,
"textRegions":[{"targetRectangle":{"y":8,
"width":741,
"x":151,
"height":168}
,
"text":"dMarket: implementing Selection"}
,{"targetRectangle":{"y":218.5,
"width":904,
"x":72,
"height":370}
,
"text":"require([\"dgrid/OnDemandGrid\", \"dgrid/Selection\", ...\nfunction(Grid, Selection, ...\n\nmarketGrid = new Market({\n    ...\n    selectionMode: \"single\"\n}, \"market\");\n\n\nmarketGrid.on(\"dgrid-select\", function(e){\n    //this event gets fired upon row selection (or cell selection with CellSelection)\n   var item = e.rows[0].data; //grab the first row's data\nconsole.log(item);\n   });"}
,{"targetRectangle":{"y":670,
"width":861,
"x":72,
"height":55}
,
"text":"Handling selection: dojo/on and dgrid-select"}
]
}
,{"automaticPlay":false,
"hyperlinks":[]
,
"eventInitialStates":[{"opacity":1,
"affineTransform":[1,0,0,1,0,0]
,
"texture":"s36.b",
"hidden":0}
,{"opacity":1,
"affineTransform":[1,0,0,1,0,0]
,
"texture":"s36.a",
"hidden":0}
]
,
"eventAnimations":[{"effect":"none",
"actions":[{"beginTime":0,
"from":{"scalar":1}
,
"action":"hidden",
"texture":"s36.a",
"to":{"scalar":1}
,
"timingFunction":"linear",
"duration":0.001}
]
,
"duration":0.001,
"animationType":"transition",
"beginTime":0,
"textures":["s36.a"]
}
,{"effect":"none",
"actions":[{"beginTime":0,
"from":{"scalar":0}
,
"action":"hidden",
"texture":"s36.b",
"to":{"scalar":0}
,
"timingFunction":"linear",
"duration":0.001}
]
,
"duration":0.001,
"animationType":"transition",
"beginTime":0,
"textures":["s36.b"]
}
]
,
"textRegions":[{"targetRectangle":{"y":26,
"width":590,
"x":217,
"height":84}
,
"text":"dMarket: Selection"}
]
}
,{"note":"slide-37",
"automaticPlay":false,
"hyperlinks":[]
,
"eventInitialStates":[{"opacity":1,
"affineTransform":[1,0,0,1,0,0]
,
"texture":"s37.b",
"hidden":0}
,{"opacity":1,
"affineTransform":[1,0,0,1,0,0]
,
"texture":"s37.a",
"hidden":0}
]
,
"eventAnimations":[{"effect":"none",
"actions":[{"beginTime":0,
"from":{"scalar":1}
,
"action":"hidden",
"texture":"s37.a",
"to":{"scalar":1}
,
"timingFunction":"linear",
"duration":0.001}
]
,
"duration":0.001,
"animationType":"transition",
"beginTime":0,
"textures":["s37.a"]
}
,{"effect":"none",
"actions":[{"beginTime":0,
"from":{"scalar":0}
,
"action":"hidden",
"texture":"s37.b",
"to":{"scalar":0}
,
"timingFunction":"linear",
"duration":0.001}
]
,
"duration":0.001,
"animationType":"transition",
"beginTime":0,
"textures":["s37.b"]
}
]
,
"textRegions":[{"targetRectangle":{"y":10,
"width":538,
"x":243,
"height":84}
,
"text":"dMarket: the cart"}
,{"targetRectangle":{"y":584.5,
"width":904,
"x":72,
"height":184}
,
"text":"var cartStore = Observable(new Memory({data: []}));\nvar marketStore = new Memory({ data: [\n    { id: \"aic\", artist: \"Alice in Chains\", icon: \"aic\", album: \"Alice in Chains\",\n        summary: \"In many ways, Alice in Chains was the definitive...\",\n        genre: \"Alternative\", price: \"2.74\", quantity:1\n    } ... ]});"}
,{"targetRectangle":{"y":171,
"width":904,
"x":72,
"height":368}
,
"text":"var Cart = declare([Grid,Selection,Keyboard]);\n\npurchasesGrid = new Cart({\n        columns: [\n            { label: \"Artist\", field: \"artist\" },\n            { label: \"Album\", field: \"album\" },\n            {label: “#”, field: “quantity”},\n            {label: \"Price\", field: \"price\", formatter: function(price){ \n                                return \"$\"+price}}\n        ],\n        store: cartStore,\n        selectionMode: \"multiple\"\n    }, \"purchases\");\n"}
,{"targetRectangle":{"y":533,
"width":904,
"x":72,
"height":55}
,
"text":"The data:"}
,{"targetRectangle":{"y":125,
"width":904,
"x":72,
"height":55}
,
"text":"The shopping cart grid: "}
]
}
,{"automaticPlay":false,
"hyperlinks":[]
,
"eventInitialStates":[{"opacity":1,
"affineTransform":[1,0,0,1,0,0]
,
"texture":"s38.b",
"hidden":0}
,{"opacity":1,
"affineTransform":[1,0,0,1,0,0]
,
"texture":"s38.a",
"hidden":0}
]
,
"eventAnimations":[{"effect":"none",
"actions":[{"beginTime":0,
"from":{"scalar":1}
,
"action":"hidden",
"texture":"s38.a",
"to":{"scalar":1}
,
"timingFunction":"linear",
"duration":0.001}
]
,
"duration":0.001,
"animationType":"transition",
"beginTime":0,
"textures":["s38.a"]
}
,{"effect":"none",
"actions":[{"beginTime":0,
"from":{"scalar":0}
,
"action":"hidden",
"texture":"s38.b",
"to":{"scalar":0}
,
"timingFunction":"linear",
"duration":0.001}
]
,
"duration":0.001,
"animationType":"transition",
"beginTime":0,
"textures":["s38.b"]
}
]
,
"textRegions":[{"targetRectangle":{"y":31,
"width":686,
"x":169,
"height":84}
,
"text":"dMarket: sharing data"}
]
}
,{"automaticPlay":false,
"hyperlinks":[]
,
"eventInitialStates":[{"opacity":1,
"affineTransform":[1,0,0,1,0,0]
,
"texture":"s39.b",
"hidden":0}
,{"opacity":1,
"affineTransform":[1,0,0,1,0,0]
,
"texture":"s39.a",
"hidden":0}
]
,
"eventAnimations":[{"effect":"none",
"actions":[{"beginTime":0,
"from":{"scalar":1}
,
"action":"hidden",
"texture":"s39.a",
"to":{"scalar":1}
,
"timingFunction":"linear",
"duration":0.001}
]
,
"duration":0.001,
"animationType":"transition",
"beginTime":0,
"textures":["s39.a"]
}
,{"effect":"none",
"actions":[{"beginTime":0,
"from":{"scalar":0}
,
"action":"hidden",
"texture":"s39.b",
"to":{"scalar":0}
,
"timingFunction":"linear",
"duration":0.001}
]
,
"duration":0.001,
"animationType":"transition",
"beginTime":0,
"textures":["s39.b"]
}
]
,
"textRegions":[{"targetRectangle":{"y":33,
"width":859,
"x":89,
"height":168}
,
"text":"dMarket: updating quantity with Editor"}
,{"targetRectangle":{"y":308,
"width":904,
"x":72,
"height":347}
,
"text":"require([\"dgrid/OnDemandGrid\", ... \"dijit/form/NumberSpinner\" ...],\nfunction(Grid, ... NumberSpinner ..) {\n\npurchasesGrid = new Cart({\n    columns: [\n    ...\n    editor({label: “#”, field: “quantity”, autoSave:true,\n            editorArgs: {style: “width: 5em;”, constraints: {min:1, max:10, places:0}}},\n            NumberSpinner, \"dgrid-cellfocusin\"),\n    ...\n    ],\n    ...\n}, \"purchases\");"}
,{"targetRectangle":{"y":230,
"width":904,
"x":72,
"height":55}
,
"text":"Adding a dijit widget to dgrid:"}
]
}
,{"note":"slide-40",
"automaticPlay":false,
"hyperlinks":[]
,
"eventInitialStates":[{"opacity":1,
"affineTransform":[1,0,0,1,0,0]
,
"texture":"s40.b",
"hidden":0}
,{"opacity":1,
"affineTransform":[1,0,0,1,0,0]
,
"texture":"s40.a",
"hidden":0}
]
,
"eventAnimations":[{"effect":"none",
"actions":[{"beginTime":0,
"from":{"scalar":1}
,
"action":"hidden",
"texture":"s40.a",
"to":{"scalar":1}
,
"timingFunction":"linear",
"duration":0.001}
]
,
"duration":0.001,
"animationType":"transition",
"beginTime":0,
"textures":["s40.a"]
}
,{"effect":"none",
"actions":[{"beginTime":0,
"from":{"scalar":0}
,
"action":"hidden",
"texture":"s40.b",
"to":{"scalar":0}
,
"timingFunction":"linear",
"duration":0.001}
]
,
"duration":0.001,
"animationType":"transition",
"beginTime":0,
"textures":["s40.b"]
}
]
,
"textRegions":[{"targetRectangle":{"y":24,
"width":770,
"x":127,
"height":84}
,
"text":"dMarket: Editor in action"}
,{"targetRectangle":{"y":603.5,
"width":904,
"x":72,
"height":48}
,
"text":"NumberSpinner with editOn: dgrid-cellfocusin and autoSave:true"}
]
}
,{"note":"slide-41",
"automaticPlay":false,
"hyperlinks":[]
,
"eventInitialStates":[{"opacity":1,
"affineTransform":[1,0,0,1,0,0]
,
"texture":"s41.b",
"hidden":0}
,{"opacity":1,
"affineTransform":[1,0,0,1,0,0]
,
"texture":"s41.a",
"hidden":0}
]
,
"eventAnimations":[{"effect":"none",
"actions":[{"beginTime":0,
"from":{"scalar":1}
,
"action":"hidden",
"texture":"s41.a",
"to":{"scalar":1}
,
"timingFunction":"linear",
"duration":0.001}
]
,
"duration":0.001,
"animationType":"transition",
"beginTime":0,
"textures":["s41.a"]
}
,{"effect":"none",
"actions":[{"beginTime":0,
"from":{"scalar":0}
,
"action":"hidden",
"texture":"s41.b",
"to":{"scalar":0}
,
"timingFunction":"linear",
"duration":0.001}
]
,
"duration":0.001,
"animationType":"transition",
"beginTime":0,
"textures":["s41.b"]
}
]
,
"textRegions":[{"targetRectangle":{"y":22,
"width":716,
"x":154,
"height":94}
,
"text":"dMarket: Selector"}
,{"targetRectangle":{"y":150,
"width":904,
"x":72,
"height":300}
,
"text":"require([\"dgrid/OnDemandGrid\", \"dgrid/Selection\", \"dgrid/Selector\" ...\nfunction(Grid, Selection, Selector ...) {\n\npurchasesGrid = new Cart({\n    columns: [\n        Selector({ label: \" \" }), //default Selector is a checkbox. \n    ...\n    selectionMode: \"none\", //clicking on a row will not select\n    }, \"purchases\");\n...\n});"}
,{"targetRectangle":{"y":716,
"width":904,
"x":72,
"height":51}
,
"text":"Using Selector and selectionMode: none "}
]
}
,{"automaticPlay":false,
"hyperlinks":[]
,
"eventInitialStates":[{"opacity":1,
"affineTransform":[1,0,0,1,0,0]
,
"texture":"s42.b",
"hidden":0}
,{"opacity":1,
"affineTransform":[1,0,0,1,0,0]
,
"texture":"s42.a",
"hidden":0}
]
,
"eventAnimations":[{"effect":"none",
"actions":[{"beginTime":0,
"from":{"scalar":1}
,
"action":"hidden",
"texture":"s42.a",
"to":{"scalar":1}
,
"timingFunction":"linear",
"duration":0.001}
]
,
"duration":0.001,
"animationType":"transition",
"beginTime":0,
"textures":["s42.a"]
}
,{"effect":"none",
"actions":[{"beginTime":0,
"from":{"scalar":0}
,
"action":"hidden",
"texture":"s42.b",
"to":{"scalar":0}
,
"timingFunction":"linear",
"duration":0.001}
]
,
"duration":0.001,
"animationType":"transition",
"beginTime":0,
"textures":["s42.b"]
}
]
,
"textRegions":[{"targetRectangle":{"y":30,
"width":774,
"x":125,
"height":84}
,
"text":"dMarket: ColumnResizer"}
,{"targetRectangle":{"y":338,
"width":904,
"x":72,
"height":141}
,
"text":"require([\"dgrid/OnDemandGrid\",... \"dgrid/extensions/ColumnResizer\", ...\nfunction(Grid, ... ColumnResizer ...)\n\nvar Cart = declare([Grid,Selection, Keyboard, ColumnResizer]);"}
,{"targetRectangle":{"y":262,
"width":904,
"x":72,
"height":51}
,
"text":"Add the ColumnResizer mixin: "}
]
}
,{"automaticPlay":false,
"hyperlinks":[]
,
"eventInitialStates":[{"opacity":1,
"affineTransform":[1,0,0,1,0,0]
,
"texture":"s43.b",
"hidden":0}
,{"opacity":1,
"affineTransform":[1,0,0,1,0,0]
,
"texture":"s43.a",
"hidden":0}
]
,
"eventAnimations":[{"effect":"none",
"actions":[{"beginTime":0,
"from":{"scalar":1}
,
"action":"hidden",
"texture":"s43.a",
"to":{"scalar":1}
,
"timingFunction":"linear",
"duration":0.001}
]
,
"duration":0.001,
"animationType":"transition",
"beginTime":0,
"textures":["s43.a"]
}
,{"effect":"none",
"actions":[{"beginTime":0,
"from":{"scalar":0}
,
"action":"hidden",
"texture":"s43.b",
"to":{"scalar":0}
,
"timingFunction":"linear",
"duration":0.001}
]
,
"duration":0.001,
"animationType":"transition",
"beginTime":0,
"textures":["s43.b"]
}
]
,
"textRegions":[{"targetRectangle":{"y":23,
"width":712,
"x":156,
"height":84}
,
"text":"dMarket: ColumnHider"}
,{"targetRectangle":{"y":168,
"width":904,
"x":72,
"height":231}
,
"text":"require([\"dgrid/OnDemandGrid\",... \"dgrid/extensions/ColumnHider\", ...\nfunction(Grid, ... Hider ...)\n\nvar Cart = declare([Grid,Selection, Keyboard, Hider]);\npurchasesGrid = new Cart({\n    columns: [\n        selector({ label: \" \", unhidable:true }),\n        ..."}
,{"targetRectangle":{"y":121,
"width":904,
"x":72,
"height":51}
,
"text":" Now the ColumnHider extension:"}
,{"targetRectangle":{"y":426,
"width":904,
"x":72,
"height":51}
,
"text":"Hide the Artist column:"}
]
}
,{"automaticPlay":false,
"hyperlinks":[]
,
"eventInitialStates":[{"opacity":1,
"affineTransform":[1,0,0,1,0,0]
,
"texture":"s44.b",
"hidden":0}
,{"opacity":1,
"affineTransform":[1,0,0,1,0,0]
,
"texture":"s44.a",
"hidden":0}
]
,
"eventAnimations":[{"effect":"none",
"actions":[{"beginTime":0,
"from":{"scalar":1}
,
"action":"hidden",
"texture":"s44.a",
"to":{"scalar":1}
,
"timingFunction":"linear",
"duration":0.001}
]
,
"duration":0.001,
"animationType":"transition",
"beginTime":0,
"textures":["s44.a"]
}
,{"effect":"none",
"actions":[{"beginTime":0,
"from":{"scalar":0}
,
"action":"hidden",
"texture":"s44.b",
"to":{"scalar":0}
,
"timingFunction":"linear",
"duration":0.001}
]
,
"duration":0.001,
"animationType":"transition",
"beginTime":0,
"textures":["s44.b"]
}
]
,
"textRegions":[{"targetRectangle":{"y":33,
"width":436,
"x":294,
"height":84}
,
"text":"dMarket: DnD"}
,{"targetRectangle":{"y":246,
"width":904,
"x":72,
"height":461}
,
"text":"require([\"dgrid/OnDemandGrid\", ... \"dgrid/extensions/DnD\"],\nfunction(Grid, ... DnD){\n\n    var Market = declare([Grid, Selection, Keyboard, DnD]);//Full mixin set\n    var Cart = declare([Grid,Selection, Keyboard, Resizer, Hider, DnD]);//Final\n\n    //handling additions to the cart from any source, including DnD\n    aspect.before(cartStore, \"put\", function(item, options){\n        var cartItem = cartStore.get(item.id);\n        if(cartItem){\n            cartItem.quantity++;\n            return [cartItem, options];\n        }\n        cartItem = lang.clone(item);\n        return [cartItem, options];\n    }); \n    \n});"}
]
}
,{"automaticPlay":false,
"hyperlinks":[]
,
"eventInitialStates":[{"opacity":1,
"affineTransform":[1,0,0,1,0,0]
,
"texture":"s45.b",
"hidden":0}
,{"opacity":1,
"affineTransform":[1,0,0,1,0,0]
,
"texture":"s45.a",
"hidden":0}
]
,
"eventAnimations":[{"effect":"none",
"actions":[{"beginTime":0,
"from":{"scalar":1}
,
"action":"hidden",
"texture":"s45.a",
"to":{"scalar":1}
,
"timingFunction":"linear",
"duration":0.001}
]
,
"duration":0.001,
"animationType":"transition",
"beginTime":0,
"textures":["s45.a"]
}
,{"effect":"none",
"actions":[{"beginTime":0,
"from":{"scalar":0}
,
"action":"hidden",
"texture":"s45.b",
"to":{"scalar":0}
,
"timingFunction":"linear",
"duration":0.001}
]
,
"duration":0.001,
"animationType":"transition",
"beginTime":0,
"textures":["s45.b"]
}
]
,
"textRegions":[{"targetRectangle":{"y":37,
"width":722,
"x":151,
"height":84}
,
"text":"dMarket: DnD in action"}
]
}
,{"automaticPlay":false,
"hyperlinks":[]
,
"eventInitialStates":[{"opacity":1,
"affineTransform":[1,0,0,1,0,0]
,
"texture":"s46.b",
"hidden":0}
,{"opacity":1,
"affineTransform":[1,0,0,1,0,0]
,
"texture":"s46.a",
"hidden":0}
]
,
"eventAnimations":[{"effect":"none",
"actions":[{"beginTime":0,
"from":{"scalar":1}
,
"action":"hidden",
"texture":"s46.a",
"to":{"scalar":1}
,
"timingFunction":"linear",
"duration":0.001}
]
,
"duration":0.001,
"animationType":"transition",
"beginTime":0,
"textures":["s46.a"]
}
,{"effect":"none",
"actions":[{"beginTime":0,
"from":{"scalar":0}
,
"action":"hidden",
"texture":"s46.b",
"to":{"scalar":0}
,
"timingFunction":"linear",
"duration":0.001}
]
,
"duration":0.001,
"animationType":"transition",
"beginTime":0,
"textures":["s46.b"]
}
]
,
"textRegions":[{"targetRectangle":{"y":75,
"width":166,
"x":429,
"height":84}
,
"text":"Done"}
,{"targetRectangle":{"y":280,
"width":214,
"x":151,
"height":73}
,
"text":"In Summary: "}
,{"targetRectangle":{"y":353,
"width":182,
"x":197,
"height":73}
,
"text":"dgrid rocks"}
,{"targetRectangle":{"y":426,
"width":91,
"x":197,
"height":73}
,
"text":"faster"}
,{"targetRectangle":{"y":499,
"width":304,
"x":197,
"height":73}
,
"text":"easier to work with"}
,{"targetRectangle":{"y":572,
"width":217,
"x":197,
"height":43}
,
"text":"doesn’t suck."}
]
}
]
,
"loopSlideshow":0,
"showMode":0,
"majorVersion":0,
"notes":{"slide-25":"editor: string value means html input\neditOn: default is editor always active\neditorArgs: For HTML inputs, the object will have its key/value pairs applied as node attributes via put-selector; for widgets, the object will be passed to the widget constructor.\nautoSave Default False. If save() is to be called immediately upon changes.\n\nIf attempting to trigger an Editor on focus (to accommodate keyboard and mouse), it is highly recommended to use dgrid's custom event, dgrid-cellfocusin instead of focus, to avoid confusion of events. Note that this requires also mixing the Keyboard module into the Grid constructor.\n",
"slide-19":"ODL lazy loads, or uses “virtual paging” as the user scrolls through the list. Can use start and count properties as queryOptions to render only visible rows. As the list is scrolled - more query calls will be made to retrieve additional rows.  \nUse Observe to keep track of changes in the store.\n\n_StoreMixin: isolates base logic to work with store-based components, keeps things DRY.\nsortOrder gets updated by sort(), keeps track of current sort order\nsave: sends dirty data that has been updated by a cell editor back to the store, returns a promise\n\nMost of ODL’s logic is wrapped up in onScroll() \n\n\nAPI\nrefresh() - re-renders with existing query\nInherited from _StoreMixin\nset(“sort”, {}) - defers sorting to the store\nget(“sort”) - managed initially by List’s sort(), stores current sort order\nsave() - sends dirty data back to store\ngetBeforePut: a flag that defaults to true to re-fetch items before saving\nset(\"query\", query, queryOptions) - set a new query to the store, with options\nset(\"store\", store, query, queryOptions) - set a new store\nupdateDirty(id,field,value) - Updates dirty data of a field for the item with the specified ID.\n",
"slide-2":"Introduce self, background, “how I got into JavaScript” current roles",
"slide-20":"When columns is an object, each property's key is used as the id of the column, and each value is the column definition object. When columns is an array, the numeric indices become the column IDs.\n\n",
"slide-37":"Notice the use of a simple formatter function to cheaply add a $ sign to the front of the price",
"slide-21":"field: Defaults to the id of the column (if no get() function is provided).\nlabel: Defaults to the id of the column.\nid: normally this is determined automatically from the keys or indices in the columns object or array.\nsortable: defaults to true, you can always programmatically sort a Grid by a given column using the sort(property, descending) method.\nget,formatter, and renderCell are all handled in renderRow()\nrenderHeaderCell - function to customize the value rendered into the column header.\nMore about field: Each row of a grid represents one data item (object) in an array or store, and each column is generally responsible for displaying/representing one property (field) of that object.  The field property of the column definition is what indicates which of the object’s properties is represented by the column.\n\nWhen columns is an object, field is automatically discerned from the key.  Label falls back to field’s value if unspecified.\n",
"slide-27":"\nNote that a Selector column can be used to allow selection even in a grid where selectionMode is set to none, in which case the controls in the Selector column will be the only means by which a user may select or deselect rows.",
"slide-16":"Difference between mixins, column plugins and extensions",
"slide-28":"Expand rows to display children\nRequires a store that provides getChildren(object, options) which returns results with the observe function.\nOptionally uses mayHaveChildren(object) which determines if a row can be expanded",
"slide-40":"Notice how the row is selected when the Editor is clicked on...",
"slide-8":"DOM methods over innerHTML, TR-less tables, css3 - all optimized for new browsers. ",
"slide-23":"keyboard API:\ncellNavigation: default is true, determines if navigation and focus operates at the cell or row level. ",
"slide-17":"row(target) returns a Row object with {id, element, and data} as well as a remove() function which calls grid.removeRow().\non() event listener, delegates to the top-level domNode.\nrenderArray() - renders the given data, beforeNode will render data in a specific place in the list treating the data as a fragment.\nrenderRow() - a hook for custom rendering logic\nsort - sort the list by the given property, descending flag\nremoveRow() - important logic hook for plugins to implement cleanup routines\nAlso the typical resize() and refresh() functions that shouldn’t be needed in a correct implementation\ndgrid supports custom getters and setters, but they are named following the\n  pattern of `_getFoo` and `_setFoo`, unlike Dijit's `_getFooAttr` and `_setFooAttr`.\n* Most `set*` functions found throughout dgrid components are now implemented\n  as custom setters, and should thus be accessed via the central `set` method.\n  For example, `setQuery(...)` is now `set(\"query\", ...)`.  Deprecation stubs\n  are currently in place for the old APIs, but will be removed in the future.\n",
"slide-41":"As you can see it resolves our problem of having the row selected when trying to edit.",
"slide-18":"ODL lazy loads, or uses “virtual paging” as the user scrolls through the list. Can use start and count properties as queryOptions to render only visible rows. As the list is scrolled - more query calls will be made to retrieve additional rows.  \nUse Observe to keep track of changes in the store.\n\n_StoreMixin: isolates base logic to work with store-based components, keeps things DRY.\nsortOrder gets updated by sort(), keeps track of current sort order\nsave: sends dirty data that has been updated by a cell editor back to the store, returns a promise\n\nMost of ODL’s logic is wrapped up in onScroll() \n"}
,
"creator":"Apple Keynote 5.1.1",
"author":"",
"comment":"",
"pageCount":46,
"scalefactor480":0.3310547,
"slideCount":46}
